NBHD_NAME,TTL_POPULATION_ALL,HISPANIC_OR_LATINO,WHITE,BLACK,NATIVE_AMERICAN,ASIAN,HAWAIIAN_PI,OTHER_RACE,TWO_OR_MORE,PCT_HISPANIC,PCT_WHITE,PCT_BLACK,PCT_NATIVEAM,PCT_ASIAN,PCT_HAWAIIANPI,PCT_OTHERRACE,PCT_TWOORMORE_RACES,MALE,FEMALE,AGE_LESS_5,AGE_5_TO_9,AGE_10_TO_14,AGE_15_TO_17,AGE_0_TO_9,AGE_10_TO_19,AGE_20_TO_29,AGE_30_TO_39,AGE_40_TO_49,AGE_50_TO_59,AGE_60_TO_69,AGE_70_TO_79,AGE_80_PLUS,AGELESS18,AGE65PLUS,PCT_AGELESS18,PCT_AGE65PLUS,MEDIAN_AGE_ALL,MEDIAN_AGE_MALE,MEDIAN_AGE_FEMALE,TTL_AGE_3_PLUS_ENRSTATUS,ENROLLED_IN_SCHOOL,NURSERY_OR_PRESCHOOL,KINDERGARTEN,GRADES_5_TO_8,GRADES_9_TO_12,COLLEGE_UNDERGRADUATE,GRADUATE_SCHOOL,NOT_ENROLLED,TOTAL_COMMUTERS,COMMUTE_LESS_15,COMMUTE_15_TO_30,COMMUTE_30_TO_45,COMMUTE_45_TO_60,COMMUTE_60_PLUS,TTLPOP_25PLUS_EDU,LESS_THAN_HS_DIPLOMA_EDU,HSGRAD_OR_EQUIV_EDU,SOMECOLLEGE_OR_AA_EDU,BACHELORS_OR_HIGHER_EDU,TTLPOP_5PLUS_LNG,ONLY_ENGLISH_LNG,SPANISH_LNG,FRENCH_LNG,FRENCH_CREOLE_LNG,ITALIAN_LNG,PORTUGESE_LNG,GERMAN_LNG,YIDDISH_LNG,OTHER_W_GERMAN_LNG,SCANDINAVIAN_LNG,GREEK_LNG,RUSSIAN_LNG,POLISH_LNG,SERBO_CROATIAN_LNG,OTHER_SLAVIC_LNG,ARMENIAN_LNG,PERSIAN_LNG,GUJARATI_LNG,HINDI_LNG,URDU_LNG,OTHER_INDIC_LNG,OTHER_INDO_EUR_LNG,CHINESE_LNG,JAPANESE_LNG,KOREAN_LNG,MON_KHMR_CMBDN_LNG,HMONG_LNG,THAI_LNG,LAOTIAN_LNG,VIETNAMESE_LNG,OTHER_ASIAN_LNG,TAGALOG_LNG,OTHER_PACIS_LNG,NAVAJO_LNG,OTHER_NATAM_LNG,HUNGARIAN_LNG,ARABIC_LNG,HEBREW_LNG,AFRICAN_ALL_LNG,ALL_OTHER_LNG,TTL_HOUSING_UNITS,OCCUPIED_HU,VACANT_HU,OWNER_OCCUPIED_HU,RENTER_OCCUPIED_HU,TTL_HOUSEHOLDS,FAMILY_HOUSEHOLDS,MARRIED_COUPLE_FAMILY,OTHER_FAMILY,MALE_HHLDR_NO_WIFE_PRESENT,FEMALE_HHLDR_NO_HSBND_PRESENT,NONFAMILY_HOUSEHOLD,HOUSEHOLDER_ALONE,HOUSEHOLDER_NOT_ALONE,HH_INC_LESS_10000,HH_INC_10000_14999,HH_INC_15000_19999,HH_INC_20000_24999,HH_INC_25000_29999,HH_INC_30000_34999,HH_INC_35000_39999,HH_INC_40000_44999,HH_INC_45000_49999,HH_INC_50000_59999,HH_INC_60000_74999,HH_INC_75000_99999,HH_INC_100000_124999,HH_INC_125000_149999,HH_INC_150000_199999,HH_INC_OVER_200000,MED_HH_INCOME,MED_FAMILY_INCOME,PER_CAPITA_INCOME,AVG_HH_INC,AVG_FAM_INCOME,MEDIAN_EARNINGS,MEDIAN_EARN_MALE,MEDIAN_EARN_FEMALE,MEDEARN_LESSHS,MEDEARN_HIGHSCHOOL,MEDEARN_SOMECOLLEGE,MEDEARN_BACHELORS,MEDEARN_GRAD_PROFESSIONAL,MED_YR_STRUCTURE_BUILT,BUILT_2010_OR_LATER,BUILT_2000_2009,BUILT_1990_1999,BUILT_1980_1989,BUILT_1970_1979,BUILT_1960_1969,BUILT_1950_1959,BUILT_1940_1949,BUILT_1939_OR_EARLIER,MED_CONTRACT_RENT,MED_GROSS_RENT,MEDIAN_HOME_VALUE,NATIVE_BORN,FOREIGN_BORN_FB,EUROPE_FB,NORTHERN_EUROPE_FB,WESTERN_EUROPE_FB,SOUTHERN_EUROPE_FB,EASTERN_EUROPE_FB,ASIA_FB,EASTERN_ASIA_FB,SOUTH_CENTRAL_ASIA_FB,SOUTH_EASTERN_ASIA_FB,WESTERN_ASIA_FB,AFRICA_FB,EASTERN_AFRICA_FB,MIDDLE_AFRICA_FB,NORTHERN_AFRICA_FB,SOUTHERN_AFRICA_FB,WESTERN_AFRICA_FB,OCEANIA_FB,AMERICAS_FB,LATIN_AMERICA_FB,CARRIBEAN_FB,CENTRAL_AMERICA_FB,SOUTH_AMERICA_FB,NORTH_AMERICA_FB,PCT_POVERTY,PCT_FAM_POVERTY
Chaffee Park,4045,2343,1506,59,0,29,0,0,108,57.92,37.23,1.46,0,0.72,0,0,2.67,2001,2044,259,240,254,96,499,444,513,735,512,556,406,172,171,849,469,849,11.59,36.2,32.8,38.1,3851,801,55,66,232,134,141,23,3050,2004,588,914,349,90,63,2917,715,738,741,723,3786,2379,1361,0,0,0,0,10,0,0,0,0,0,0,0,0,0,0,0,0,0,0,0,29,0,0,0,0,0,0,0,0,0,0,0,0,0,0,0,7,7,1531,1531,49,1128,403,1531,865,658,207,81,126,666,537,129,119,112,90,62,19,79,151,77,102,71,160,222,136,56,44,31,47969,61932,19447.42,61639.52,69084.16,34114,35464,30700,25964,26950,35094,45469,62019,1948,15,22,61,7,78,54,377,829,137,978,1109,194600,3264,781,12,12,0,0,0,29,29,0,0,0,11,11,0,0,0,0,0,729,729,0,697,32,0,10.3,9
Sunnyside,9832,4910,4225,276,172,129,28,2,90,50.5,42.24,3.03,1.8,1.2,0.29,0.02,0.93,4981,4851,619,514,541,298,1133,986,1504,150,1186,1191,671,689,185,1972,1111,1972,10.97,34.53,33.77,35.53,9435,2108,221,140,419,367,405,201,7327,4685,1240,2028,803,249,365,7213,1549,1714,1487,2463,9213,6636,2302,26,0,55,0,17,0,0,0,0,0,0,0,6,0,0,0,0,0,0,0,7,6,36,20,0,0,0,29,2,0,0,8,22,8,17,0,0,71,4040,4040,171,2282,1758,4040,2425,1453,972,213,759,1615,1142,473,515,188,185,261,167,175,243,139,140,300,318,600,355,192,155,107,49574.67,50689.33,20623.15,64020.6,68421.61,34037.33,35848.33,32520,0,0,0,0,0,1944,70,65,115,93,209,273,817,463,2106,673.67,771.67,277100,8727,1105,94,12,0,44,38,84,9,11,47,17,26,16,0,0,0,10,0,901,901,7,873,21,0,20.6,17.63
Highland,8991,2444,5890,331,29,213,0,0,84,28.21,64.09,3.92,0.33,2.45,0,0,1.01,4394,4597,544,351,349,170,895,669,1997,1203,1461,825,451,293,312,1414,850,1414,8.72,32.85,33.5,31.85,8645,1672,135,81,199,342,394,246,6973,5080,1348,1954,1296,257,225,6917,760,742,1283,4132,8447,6762,1426,67,0,0,0,0,0,0,0,26,0,8,16,0,9,0,0,0,0,0,0,39,0,0,0,0,20,0,44,13,0,0,0,0,0,17,0,0,17,4560,4560,409,2132,2428,4560,1600,1064,536,173,363,2960,2168,792,402,236,189,204,159,95,110,263,152,190,527,529,419,246,438,398,67760.5,95394.5,26129.55,93792.3,117140.8,44675.5,47363,41872,0,0,0,0,0,1959.5,397,792,267,247,311,279,380,201,2095,1215.5,1312.5,379300,7900,1091,174,22,23,30,99,219,77,24,88,30,0,0,0,0,0,0,8,690,650,0,606,44,40,14.95,12.8
Globeville,3551,2178,1159,116,12,0,15,6,65,61.33,32.64,3.27,0.34,0,0.42,0.17,1.83,2050,1501,253,288,202,104,541,505,684,6274,217,424,252,106,59,847,241,847,6.79,30.3,30.2,30.4,3438,1092,37,93,192,95,406,36,2346,1405,386,540,251,54,174,2161,636,692,459,374,3298,1889,1366,17,0,0,12,0,0,0,0,0,0,0,0,0,0,0,0,0,0,0,0,0,0,0,0,0,0,0,0,0,0,0,0,6,0,0,0,8,14,1071,1071,122,387,684,1071,585,333,252,99,153,486,377,109,208,108,80,70,77,48,78,40,11,80,93,100,47,24,7,0,29639,46023,14350.97,40210.08,50225.47,22006,25299,18715,22583,25995,28090,24167,27083,1944,50,219,14,21,72,98,33,144,542,757,919,131900,2785,766,32,0,17,15,0,0,0,0,0,0,8,0,0,0,0,0,21,705,705,13,680,12,0,34.6,25.3
Jefferson Park,2827,1454,1114,138,51,35,0,0,35,51.43,39.41,4.88,1.8,1.24,0,0,1.24,1652,1175,181,149,71,89,330,185,686,614,399,249,73,38,22,490,97,490,3.43,31.5,30.9,31.8,2730,524,22,8,42,115,115,107,2206,1659,411,666,385,99,98,2061,726,265,296,774,2646,1313,1260,0,0,0,0,0,0,0,0,0,0,14,0,0,0,0,0,0,0,0,0,0,0,0,0,0,30,0,0,0,0,0,20,0,0,0,0,9,29,1418,1418,118,412,1006,1418,516,355,161,77,84,902,668,234,139,130,91,60,75,113,81,73,80,165,81,84,67,61,67,52,40819,46250,15539.62,69223.41,62005.04,25812,25698,26379,0,0,0,0,0,1974,158,416,9,80,166,71,169,24,443,707,804,294000,1904,923,25,11,0,0,14,5,0,0,5,0,9,0,0,0,0,9,0,884,884,0,879,5,0,27.6,24.2
Sun Valley,1438,656,223,380,16,92,0,11,60,45.62,15.51,26.43,1.11,6.4,0,0.76,4.17,707,731,268,218,194,52,486,320,225,5105,88,40,99,5,25,732,79,732,5.49,17.6,12.4,25,1295,675,93,53,128,136,74,31,620,204,18,122,25,22,17,534,275,145,89,25,1170,752,167,0,0,0,0,0,0,0,0,0,1,0,0,0,0,0,0,0,0,0,0,19,0,0,17,0,0,0,56,0,0,0,0,0,0,93,0,65,158,475,475,24,20,455,475,334,47,287,24,263,141,125,16,245,35,86,50,18,36,0,0,5,0,0,0,0,0,0,0,9849,11667,3680.74,13163.16,12602.4,10565,14464,6979,0,0,0,0,0,1956,0,0,60,15,57,44,164,88,71,218,224,137500,1138,300,1,0,0,0,1,179,0,16,86,77,76,51,25,0,0,0,0,44,44,0,44,0,0,86.5,81.1
Valverde,3750,2906,423,113,19,251,0,28,10,77.49,11.28,3.01,0.51,6.69,0,0.75,0.27,1887,1863,446,405,280,187,851,580,379,1254,696,385,181,162,45,1318,244,1318,6.51,31.5,31.6,31.3,3572,1167,122,136,127,308,91,11,2405,1380,136,504,588,79,73,2089,869,578,382,260,3304,1175,1859,0,0,0,0,0,0,0,0,0,0,0,0,0,0,0,0,0,0,0,0,0,0,0,0,0,0,0,196,0,0,11,0,0,0,0,0,63,63,1165,1165,94,506,659,1165,802,481,321,52,269,363,333,30,195,130,98,89,97,44,74,79,41,126,69,91,5,0,16,10,27176,31591,15553.84,37229.53,39884.91,22939,24738,19746,0,0,0,0,0,1954,0,11,7,40,51,135,597,246,172,619,724,157900,2409,1341,0,0,0,0,0,199,0,0,199,0,78,21,0,0,0,57,0,1064,1064,19,1010,35,0,30.1,33.8
Athmar Park,8659,6297,1794,77,44,331,7,7,102,72.68,20.95,0.9,0.55,3.57,0.08,0.08,1.21,4701,3958,658,648,536,399,1306,1053,1582,1288,1243,1051,671,249,216,2241,685,2241,7.77,32.45,29.85,35.1,8280,2003,107,224,422,397,295,68,6277,4349,898,1723,1341,147,240,5738,1876,1635,1396,831,8001,3461,4187,12,0,7,0,18,0,0,0,0,0,0,0,0,18,0,0,0,0,0,0,14,0,19,35,0,0,0,218,1,0,0,0,0,0,11,0,0,11,2937,2937,118,1785,1152,2937,1892,1150,742,225,517,1045,787,258,220,140,174,188,127,232,203,127,102,431,367,281,149,89,101,9,47578.5,49606,19132.1,53695.48,56924.43,26902.5,28898.5,22121.5,21441,29683,34161,47708,30375,1955,0,31,76,58,382,220,1643,469,176,900.5,1009,154100,5895,2684,11,4,7,0,0,301,24,19,235,23,0,0,0,0,0,0,0,2452,2452,13,2438,1,0,17.45,15.7
Northeast Park Hill,9086,2723,1806,3813,109,92,28,15,500,29.99,19.88,41.94,1.21,1.01,0.31,0.17,5.51,4475,4611,852,759,573,363,1611,1141,1326,2131,1155,988,602,472,311,2547,1060,2547,11.67,33.1,31.35,34.55,8633,2564,306,191,481,423,468,119,6069,3305,724,1438,712,176,255,5868,1311,1610,1816,1131,8234,6031,1933,0,30,0,0,24,0,0,0,0,7,0,0,0,0,0,0,0,0,0,14,0,15,4,7,11,0,0,0,0,0,0,0,35,0,0,0,123,158,3108,3108,128,1390,1718,3108,1762,905,857,186,671,1346,1064,282,363,343,195,217,190,253,155,217,70,230,286,248,185,67,55,33,34756.5,38077,13951.27,47594.21,51652.74,24762.5,24293.5,25730,0,0,0,0,0,1968,165,307,67,182,259,310,1823,95,28,831,979.5,190800,7912,1174,21,0,3,0,18,27,0,15,12,0,155,0,0,29,0,57,14,957,957,31,902,24,0,27.3,25.1
Elyria Swansea,6676,5534,827,253,24,10,0,0,28,82.89,12.39,3.79,0.36,0.15,0,0,0.42,3515,3161,694,726,604,354,1420,1199,997,2187,1033,750,298,154,181,2378,409,2378,6.13,27,26.6,27.5,6223,2164,212,135,472,485,233,45,4059,2420,597,1069,405,175,174,3571,1610,1014,592,355,5982,1681,4284,0,0,0,0,0,0,0,0,0,0,0,0,2,0,0,0,0,0,0,0,0,0,0,0,0,0,0,0,0,0,15,0,0,0,0,0,0,0,1736,1736,165,785,951,1736,1377,837,540,213,327,359,277,82,113,115,135,137,153,123,115,108,127,202,99,189,79,14,10,17,39433,39888,11080.74,46844.3,47152.07,22650,23862,21149,0,0,0,0,0,1952,0,67,68,63,197,133,505,215,653,767,904,131000,4403,2249,17,7,0,0,10,0,0,0,0,0,0,0,0,0,0,0,0,2256,2256,0,2256,0,0,31.2,27.2
Wellshire,3363,180,3100,30,0,38,0,0,15,5.35,92.18,0.89,0,1.13,0,0,0.45,1559,1804,306,180,189,104,486,321,179,2492,441,596,423,242,298,779,757,779,22.51,47.2,45.1,49.4,3212,740,113,17,117,142,75,96,2472,1482,398,622,350,79,33,2471,38,179,473,1781,3057,2834,54,18,0,37,0,0,0,0,0,0,38,0,0,0,0,0,0,0,0,0,0,10,9,7,0,0,0,0,0,0,0,0,0,0,50,0,0,0,50,1385,1385,30,1213,172,1385,972,795,177,28,149,413,354,59,44,8,40,56,37,41,10,33,82,95,114,133,123,94,204,269,99716,127656,42119.3,136899.28,161644.03,56687,76389,51925,0,47446,38188,56944,77685,1958,6,22,27,17,234,206,884,0,19,1606,1821,533000,3152,211,140,9,0,13,118,26,26,0,0,0,37,37,0,0,0,0,0,8,8,0,0,8,0,4.8,3.8
University,9393,663,7327,241,4,896,36,0,226,7.54,78.65,2.25,0.03,8.86,0.29,0,2.39,4725,4668,412,320,269,77,732,2046,2741,1183,761,520,662,244,176,1078,596,1078,5.75,25.75,25.7,25.35,9099,4508,151,69,185,113,3062,685,4591,4062,1338,1540,831,188,165,5004,149,634,783,3438,8981,7385,385,0,10,48,9,71,17,0,9,10,18,0,0,34,32,0,0,12,9,16,30,709,12,40,0,0,27,0,18,0,0,0,0,0,12,9,0,51,80,3609,3609,186,1564,2045,3609,1361,1093,268,150,118,2248,1670,578,601,314,147,73,127,249,136,97,132,232,289,301,284,231,270,127,46907.5,84955.5,20349,65129.01,95750.14,18282.5,21021,14439.5,0,0,0,0,0,1953,57,97,48,146,268,791,822,711,855,913,1002,351250,8366,1016,80,16,9,0,55,632,558,24,18,32,31,16,0,0,15,0,0,284,169,24,59,86,115,20.5,5.5
Rosedale,2424,172,2129,41,0,44,0,0,38,7.1,87.83,1.69,0,1.82,0,0,1.57,1300,1124,124,128,44,27,252,71,512,699,236,352,136,92,145,323,318,323,13.12,35.1,34.5,36.5,2334,431,15,53,45,26,133,94,1903,1434,238,787,278,105,26,2008,61,209,522,1216,2300,2157,73,42,0,0,0,0,0,0,0,9,0,0,0,0,0,0,0,0,0,0,0,0,0,11,0,0,0,0,8,0,0,0,0,0,0,0,0,0,0,1245,1245,153,587,658,1245,503,363,140,70,70,742,530,212,96,34,64,38,66,77,65,32,20,70,119,271,118,40,70,63,64725,90282,41043.77,79117.19,117676.54,41151,45926,34583,29871,32391,31987,42048,60188,1953,16,82,69,119,61,104,339,226,382,1066,1142,342700,2332,92,9,9,0,0,0,19,11,0,8,0,0,0,0,0,0,0,0,64,39,0,29,10,25,8.8,1
Cheesman Park,8545,602,7189,297,27,251,27,1,151,6.83,84.47,3.42,0.44,3.11,0.25,0.01,1.48,4573,3972,192,55,97,85,247,244,2047,772,990,818,1252,638,235,429,1403,429,18.13,39.85,41.75,36.85,8376,999,14,14,77,135,427,314,7377,5367,1505,2093,1228,233,308,7603,243,397,1655,5308,8353,7534,340,129,0,0,16,45,0,0,0,0,31,19,23,0,0,0,0,4,0,0,0,45,0,16,0,8,0,0,0,44,9,0,0,0,0,72,0,0,90,5226,5226,514,2055,3171,5226,1320,1089,231,56,175,3906,2813,1093,303,302,244,200,294,184,339,296,159,482,661,772,394,112,252,230,55173.5,85127,48003.79,68493.9,104452.83,36611,37900.5,35428.5,0,0,0,0,0,1960,64,57,127,261,1050,1400,529,213,2039,873,891.5,279650,7884,661,295,49,95,71,80,126,78,27,21,0,79,7,0,72,0,0,0,161,97,0,62,35,64,13.5,9.1
Hilltop,9210,230,8251,301,38,160,0,24,206,2.45,89.89,3.05,0.39,1.76,0,0.3,2.17,4358,4852,834,648,593,133,1482,796,704,2088,1347,1299,1197,523,606,2208,1623,2208,17.52,42.4,41.6,43.05,8749,2255,343,117,437,247,326,212,6494,4058,921,1966,771,277,123,6518,133,342,889,5154,8376,7650,223,60,0,0,0,58,9,0,10,119,113,0,0,0,0,0,0,0,0,0,13,32,0,0,0,0,0,0,20,13,0,0,29,0,7,0,20,0,56,3856,3856,98,2825,1031,3856,2430,2081,349,112,237,1426,1164,262,111,93,46,92,132,105,59,114,102,175,271,337,354,353,273,1238,129664.5,168676,61558.35,223195.79,258834.39,75516,96953,51978.5,0,38194,51964,92188,105833,1958.5,26,538,331,155,331,435,1135,522,481,1503.5,1707.5,699200,8575,615,349,38,106,59,146,111,66,0,9,36,22,22,0,0,0,0,34,119,44,26,8,10,75,5.1,2.65
Montclair,5908,851,4695,118,23,90,0,42,89,14.4,79.47,2,0.39,1.52,0,0.71,1.51,2816,3092,250,346,181,204,596,502,838,4970,1200,670,687,254,149,981,630,981,10.66,40.1,39.6,41,5758,1413,76,69,105,224,412,230,4345,3051,550,1608,679,51,163,4543,170,502,778,3093,5658,5016,283,173,5,35,0,0,0,0,0,0,37,0,44,0,0,0,0,0,0,0,0,0,28,0,0,0,0,0,0,0,16,10,0,0,0,0,0,11,11,2771,2771,115,1850,921,2771,1430,1122,308,27,281,1341,1010,331,97,125,49,138,191,16,59,52,142,115,228,413,340,242,194,369,77868,105000,39745.33,112590.26,131175.17,51160,55050,49182,13617,26840,39485,68711,67853,1948,0,121,127,74,67,103,677,1234,483,1088,1276,348600,5321,587,126,19,12,0,95,182,34,132,16,0,32,21,0,0,0,0,0,247,171,16,155,0,76,8.4,5.9
Hale,6768,809,5030,361,52,339,0,10,167,11.7,75.5,5.22,0.8,4.36,0,0.21,2.21,3324,3444,319,243,205,36,562,252,1281,761,989,907,599,273,209,803,725,803,11.4,38.25,37.9,39.7,6571,1171,121,77,193,59,301,262,5400,4189,1196,1839,739,231,184,5557,178,538,1605,3236,6449,5731,308,37,0,0,0,35,0,0,0,9,23,0,20,0,0,24,20,0,0,0,49,113,29,0,0,11,16,0,0,0,8,0,0,0,0,16,0,0,16,4023,4023,299,1774,2249,4023,1308,979,329,77,252,2715,2174,541,391,196,145,116,271,143,155,283,271,294,282,509,407,96,162,302,63783.5,93415.5,45867.19,82152.8,113293.7,45048.5,44651,46651.5,0,0,0,0,0,1950,0,101,188,117,401,598,764,1217,936,892.5,934.5,301600,6143,616,154,11,58,0,85,206,128,21,57,0,49,17,0,16,0,16,0,216,216,10,129,77,0,10,5.6
North Park Hill,10533,1153,5543,3090,94,96,0,205,352,11.18,51.81,29.78,0.99,0.91,0,1.92,3.41,5129,5404,946,726,483,189,1672,769,1295,1476,1506,1216,909,599,436,2344,1458,2344,13.78,37,35.8,38.25,10004,2273,227,131,437,275,385,251,7731,5246,753,2731,1216,281,265,7758,862,1075,1755,4066,9587,8248,978,42,0,11,10,39,0,13,0,0,20,0,0,18,0,0,0,0,0,0,0,39,0,0,0,0,24,0,0,19,0,0,0,0,0,126,0,0,126,4120,4120,60,3494,626,4120,2523,1781,742,156,586,1597,1151,446,238,123,86,203,98,188,154,119,162,245,408,586,488,349,320,352,78416.5,89042,29737.91,91712.54,101945.23,43872,48705,41654,0,0,0,0,0,1951,7,24,51,24,75,120,1252,1301,1326,797.5,1007.5,321450,9672,822,19,19,0,0,0,90,0,0,64,26,138,0,0,119,19,0,0,614,574,9,531,34,40,11.55,9.05
South Park Hill,9150,1030,6964,631,93,198,4,0,230,11.23,76.03,6.99,1.03,2.17,0.04,0,2.51,4304,4846,732,484,426,170,1216,1059,855,1879,1354,1220,1397,421,183,1812,1351,1812,14.79,39.25,39.05,40.25,8639,1985,146,109,350,215,659,114,6654,4389,1100,2086,913,217,73,6456,359,266,1253,4578,8418,7251,839,78,6,0,0,9,0,10,37,33,0,0,11,15,0,0,0,10,39,0,0,58,0,8,0,0,0,0,0,0,0,4,0,0,0,0,0,10,10,3671,3671,101,2999,672,3671,2362,1951,411,111,300,1309,976,333,99,136,38,74,66,92,113,116,97,222,307,440,373,362,435,701,105872.5,128194.5,47533.11,131507.96,161799.19,47676.5,56414.5,42745,0,0,0,0,0,0,31,88,39,25,84,99,468,499,2439,936,1043,461400,8190,951,152,97,26,10,19,112,29,46,37,0,69,30,0,0,27,12,14,613,600,9,591,0,13,5.65,2.3
Virginia Village,14118,2704,9668,856,68,395,0,65,362,19.02,68.66,6.04,0.48,2.77,0,0.44,2.59,6962,7156,1009,683,685,211,1692,1105,2957,1318,1735,1836,1233,598,571,2588,1589,2588,11.26,36.08,36.8,35.9,13480,3283,167,146,501,411,1168,321,10197,6737,1401,2875,1482,447,532,9991,765,1798,2850,4578,13109,10345,1333,150,0,0,0,48,2,6,0,92,96,8,0,45,0,3,0,8,0,0,13,126,27,0,0,0,14,0,7,151,0,0,20,0,7,437,57,114,635,6189,6189,418,2737,3452,6189,3059,2255,804,280,524,3130,2297,833,373,271,310,346,411,417,340,434,291,532,440,814,425,311,299,177,55469,65972.75,22338.26,68702.76,82491.56,32373.75,34878,31591.5,33906,26607,34750,64208,60087,1962.25,30,45,143,382,1137,2005,2673,119,73,855,907.25,281750,11800,2224,269,34,50,65,120,763,156,38,198,371,461,128,34,257,42,0,24,801,739,0,715,24,62,14.98,11.05
DIA,1231,255,398,446,0,15,9,0,108,20.71,32.33,36.23,0,1.22,0.73,0,8.77,547,684,183,74,76,31,257,131,207,394,146,69,60,20,0,364,55,364,4.47,30.5,28.4,31.8,1128,380,36,16,59,51,133,38,748,625,72,195,209,128,21,758,50,179,336,193,1048,853,119,12,0,0,0,0,0,0,0,0,6,0,0,0,0,0,0,0,0,0,0,0,0,0,0,0,0,0,0,0,15,14,0,0,0,0,0,29,29,529,529,99,320,209,529,290,175,115,17,98,239,206,33,34,65,12,43,31,28,15,36,26,32,96,33,50,2,0,26,45125,60385,0,55502.65,64785.86,32159,35125,31029,0,0,0,0,0,2005,28,528,15,8,9,0,40,0,0,1043,0,124200,1124,107,2,0,2,0,0,21,0,6,15,0,27,20,0,0,0,7,0,57,57,0,50,7,0,18.7,17.9
University Hills,5918,616,4586,389,24,153,0,32,118,9.45,74.95,8.45,0.27,4.29,0,0.35,2.24,2810,3108,537,230,175,159,767,435,711,1511,751,746,727,301,459,1101,963,1101,22.14,44,40.85,49.4,5454,916,98,85,131,210,174,110,4538,2681,555,1119,724,186,97,4441,188,698,1321,2234,5381,5024,164,11,0,0,0,62,4,5,0,0,0,0,0,0,0,0,0,4,0,0,7,58,0,26,0,1,0,0,9,0,0,6,0,0,0,0,0,0,0,2635,2635,139,1763,872,2635,1461,1090,371,127,244,1174,901,273,91,86,133,147,134,128,126,147,94,183,238,358,272,154,163,183,54194.5,73445.5,31094.99,79730.59,101727.48,38180.5,40380.5,36158,0,0,0,0,0,1959,90,106,25,77,113,352,1881,91,39,1046,1175,259750,5673,245,37,7,13,5,12,116,42,4,51,19,8,0,0,0,0,8,0,84,67,7,52,8,17,9.55,5.9
Harvey Park,12706,7547,3881,213,116,697,0,33,219,59.31,30.69,1.77,0.87,5.36,0,0.25,1.74,6179,6527,1227,1354,820,448,2581,1597,1947,2644,1555,1356,818,449,420,3849,1143,3849,8.95,31.55,30.75,31.15,12001,3680,275,321,851,467,713,62,8321,5620,872,2152,1920,326,350,7792,2081,2161,2197,1353,11479,6403,4458,0,0,5,0,0,0,0,0,0,7,0,0,0,0,0,0,0,0,0,10,0,0,0,48,1,0,0,547,0,0,0,0,0,0,0,0,0,0,4173,4173,114,2321,1852,4173,2915,1820,1095,184,911,1258,897,361,257,229,179,256,198,348,210,378,167,426,545,649,148,104,67,15,46472,48050,18610.53,53152.9,54596.15,28499,30829,23112,24667,27288,35000,39375,32898,1957.5,4,47,80,195,482,632,2626,203,18,816,905,193400,9943,2746,43,15,17,1,10,376,0,0,376,0,0,0,0,0,0,0,0,2344,2308,7,2297,4,36,21.55,20.95
Mar Lee,13667,9502,2976,139,431,484,0,36,99,68.91,22.96,0.93,2.77,3.53,0,0.23,0.66,6864,6803,1277,1053,982,648,2330,2122,2202,1837,1615,1461,1154,313,436,3960,1354,3960,10.09,30.8,28.85,33.45,12938,3184,275,176,696,800,362,23,9754,6001,1264,1778,2031,437,491,8421,2701,3095,1478,1147,12390,5577,6331,0,28,0,0,9,4,0,0,0,0,29,0,0,0,0,0,0,0,0,0,55,6,0,0,0,17,89,173,0,0,0,0,0,0,25,0,47,72,4108,4108,189,2222,1886,4108,3028,1934,1094,299,795,1080,883,197,262,270,216,265,299,167,242,258,311,406,490,487,204,141,80,9,46018,48812.5,14828.3,53109.75,56783.18,28662,30213,24703,23619,32319,33130,36166.5,56450,1956.5,0,17,234,254,235,451,2752,313,41,864.5,981,147900,9717,3924,36,0,7,0,29,390,32,32,319,7,65,47,0,18,0,0,0,3459,3459,0,3457,2,0,16.9,13.25
Westwood,16569,13247,1896,478,75,687,0,0,186,79.51,11.25,3.26,0.51,4.33,0,0,1.14,8179,8390,1848,1706,1886,643,3554,2936,3112,2198,1762,1299,829,437,228,6083,1068,6083,6.5,26.53,26.75,25.9,15514,4851,369,384,1217,1070,360,51,10663,6280,1093,1810,2018,738,621,8726,3694,2696,1726,610,14721,4800,9153,0,0,0,0,0,0,14,0,0,0,0,0,0,0,0,0,0,0,53,0,98,0,0,21,0,5,0,475,0,4,0,0,0,0,50,0,48,98,4577,4577,279,1795,2782,4577,3347,2095,1252,308,944,1230,920,310,521,420,523,380,252,302,389,270,247,343,305,324,177,47,36,39,31664.75,34026,0,42878.97,45929.92,21134,23401.5,19436.5,21065,19904,31338,27727,0,1954.75,30,241,210,168,305,447,2016,1094,345,732.5,840,129925,11137,5432,21,0,0,0,21,569,61,45,444,19,101,48,0,39,14,0,0,4741,4734,0,4729,5,7,32.68,31.15
East Colfax,11256,2777,4199,2816,66,1084,21,31,262,26.19,38.48,23.95,0.57,7.87,0.25,0.37,2.32,5574,5682,1091,558,832,554,1649,1563,2171,341,1307,1311,623,268,177,3035,785,3035,7.51,31.45,30.4,32.85,10592,2818,87,103,586,655,519,358,7774,5233,867,1965,1547,507,347,6962,1088,1839,2065,1970,10165,6762,1624,96,0,0,0,39,0,0,0,0,5,0,13,0,0,0,0,0,0,346,0,22,0,27,5,0,0,0,0,354,18,13,0,20,0,79,15,727,841,4196,4196,357,1488,2708,4196,2054,1184,870,262,608,2142,1429,713,522,249,289,332,183,201,273,213,245,372,342,487,233,128,76,52,41812.5,41579.5,15882.34,53004.94,52821.57,27581,29464.5,24011,13730,14090,33073,46301,42596,1958.5,0,191,485,354,458,559,946,1082,478,850,957.5,169500,8670,2489,52,0,34,0,18,916,104,347,384,81,799,623,23,56,0,63,0,819,819,0,788,31,0,34.65,31.1
Auraria,825,146,459,24,7,134,7,12,36,17.7,55.64,2.91,0.85,16.24,0.85,1.45,4.36,361,464,0,0,0,0,0,547,184,1288,18,33,4,0,0,0,4,0,0.48,19.6,19.6,19.6,825,756,0,0,0,0,752,4,69,363,158,97,72,24,12,104,0,20,26,58,825,656,36,0,0,0,0,11,0,0,0,0,0,0,0,0,0,0,0,0,0,12,0,97,0,13,0,0,0,0,0,0,0,0,0,0,0,0,0,0,0,59,59,8,16,43,59,17,17,0,0,0,42,21,21,4,0,0,0,0,0,0,4,7,0,3,23,10,0,0,8,82788,0,0,95430.51,0,4878,6104,3854,0,0,0,0,0,1964,0,4,0,0,20,16,11,0,16,1188,1188,450000,716,109,0,0,0,0,0,97,85,12,0,0,0,0,0,0,0,0,0,12,12,0,12,0,0,8.4,0
University Park,7560,442,6345,119,31,518,3,0,102,5.95,83.06,1.57,0.46,7.37,0.03,0,1.55,3774,3786,311,321,277,105,632,650,2056,1021,910,850,608,252,348,1014,784,1014,10.66,33.15,32.6,32.85,7392,2684,136,72,260,149,1186,643,4708,3623,1021,1723,557,148,174,5159,126,360,1093,3580,7249,6262,270,27,0,0,0,6,0,23,20,0,7,0,19,11,0,36,0,0,0,8,0,372,15,15,0,35,22,0,0,0,11,11,0,0,0,69,7,3,79,3599,3599,408,1398,2201,3599,1304,1081,223,107,116,2295,1714,581,415,214,147,214,162,170,194,117,171,233,296,274,177,96,193,532,51768,123307.5,43877.8,98985.37,170507.18,32255.5,42362,24410,0,0,0,0,0,1968,186,759,166,353,354,929,664,374,222,885.5,973,579700,6638,887,100,40,38,3,19,553,395,42,73,43,126,0,0,96,12,15,0,143,82,0,44,38,61,21.2,6.2
Platt Park,5745,303,5131,83,6,107,0,0,115,5.27,89.31,1.44,0.1,1.86,0,0,2,2782,2963,315,154,198,160,469,367,974,791,735,952,609,44,145,827,495,827,8.62,36.7,36.4,37.2,5513,775,48,35,108,181,135,99,4738,3407,970,1730,556,107,44,4837,89,361,790,3597,5430,5135,114,11,0,0,0,0,0,0,0,0,121,0,0,0,0,0,0,0,0,0,0,18,0,31,0,0,0,0,0,0,0,0,0,0,0,0,0,0,0,2777,2777,113,1906,871,2777,1394,1039,355,130,225,1383,971,412,106,72,128,48,123,39,55,83,39,154,216,355,368,209,414,367,98561,127768,44409.96,112455.78,137496.77,55393,66049,43299,0,0,0,0,0,0,88,389,28,56,55,153,178,143,1800,876,953,423500,5535,210,79,14,49,0,16,61,20,0,41,0,15,0,0,0,15,0,0,55,16,0,0,16,39,7.5,3.7
College View - South Platte,7124,5245,1287,110,0,472,0,3,7,73.62,18.07,1.54,0,6.63,0,0.04,0.1,3953,3171,567,878,465,289,1445,910,1129,964,1028,673,446,214,62,2199,486,2199,6.82,30.6,30.6,30.4,6755,1796,135,229,393,209,214,18,4959,2315,340,548,864,243,320,4263,1807,1214,949,293,6557,2413,3703,0,0,0,0,17,0,0,0,0,0,0,0,0,0,0,0,0,0,0,0,0,0,0,0,0,0,0,422,2,0,0,0,0,0,0,0,0,0,2219,2219,55,770,1449,2219,1384,786,598,176,422,835,641,194,475,206,153,231,238,64,69,147,34,223,158,95,42,17,38,29,26173,27525,0,39714.47,42860.04,22725,26690,14833,0,0,0,0,0,1972,0,171,211,204,698,347,371,199,73,627,944,166800,4509,2602,2,2,0,0,0,422,0,3,419,0,0,0,0,0,0,0,0,2191,2191,0,2190,1,0,44.8,38.1
Overland,3241,880,1826,349,63,58,0,0,65,27.15,56.34,10.77,1.94,1.79,0,0,2.01,1741,1500,197,93,168,30,290,259,881,1480,334,306,280,83,17,488,181,488,5.58,32.8,35.2,32.1,3070,455,20,38,122,63,161,42,2615,1902,394,878,406,105,119,2314,323,472,666,853,3044,2520,466,0,0,0,0,9,0,0,0,12,0,0,0,0,0,0,0,0,0,0,0,28,0,0,0,0,0,0,0,0,0,0,0,0,0,0,0,9,9,1613,1613,96,441,1172,1613,569,352,217,63,154,1044,700,344,148,65,61,24,102,157,80,47,75,224,119,286,102,28,60,37,51054,58858,12162.73,61298.33,79386.82,36021,36896,34569,0,0,0,0,0,1967,225,460,52,4,79,104,162,117,506,1085,1166,180400,2950,291,33,0,9,0,24,50,43,0,7,0,9,9,0,0,0,0,0,199,199,0,184,15,0,20.5,16.5
Ruby Hill,10811,7144,2278,480,0,750,3,0,156,65.5,21.04,5.13,0,6.6,0.03,0,1.69,5645,5166,931,930,915,512,1861,1775,1280,628,1404,1067,854,584,269,3288,1179,3288,10.52,32.95,31.35,34.9,10319,2892,306,163,715,710,269,31,7427,4480,675,1798,1302,320,385,6406,2701,1845,1076,784,9880,3604,5088,0,0,24,0,0,0,0,0,0,15,0,0,20,0,0,0,0,0,0,0,13,9,0,43,0,15,0,685,0,0,7,0,0,0,8,0,349,357,3387,3387,211,1744,1643,3387,2171,1385,786,253,533,1216,1067,149,497,160,278,322,94,276,165,171,96,381,343,275,146,111,47,26,37421,42285,13304.19,45863.85,49742.1,22336.5,27604,18491.5,0,0,0,0,0,1957,0,84,60,99,298,697,2009,296,55,664,752.5,165550,7014,3750,36,0,0,0,36,547,19,0,518,10,321,0,313,8,0,0,0,2893,2893,0,2805,88,0,25.2,20.7
Kennedy,4610,1345,1541,682,0,849,0,0,193,29.18,33.43,14.79,0,18.42,0,0,4.19,2485,2125,399,349,130,52,748,227,1549,845,601,304,142,14,14,930,74,930,1.61,28.4,30.5,27,4346,1421,77,124,66,64,549,264,2925,2566,490,1056,602,182,236,2866,481,219,935,1231,4211,2441,640,65,0,0,0,15,0,0,0,0,141,0,41,0,0,29,0,73,0,101,0,17,0,81,0,0,0,0,140,179,0,0,0,0,0,134,0,114,248,2416,2416,227,0,2416,2416,906,485,421,184,237,1510,1193,317,184,186,218,233,281,254,106,171,181,150,153,138,125,22,14,0,31386,31766,13175.4,39705.55,42378.48,25058,25755,23039,0,0,0,0,0,1982,130,506,208,578,1136,70,0,15,0,822,1213,0,3031,1563,106,0,0,0,106,813,134,486,59,134,193,70,0,0,0,123,0,467,467,0,467,0,0,20,10.4
Hampden,18866,2500,11736,2845,35,1056,110,0,584,12.83,63.47,14.75,0.16,5.09,0.61,0,3.09,9419,9447,975,1182,791,434,2157,1349,3132,1696,2327,2736,1953,1312,988,3382,3239,3382,17.71,39.48,38.13,40.78,18233,3859,401,179,486,616,946,315,14374,9966,1915,4399,2478,724,450,13993,684,2686,3981,6642,17891,14678,849,143,0,0,0,86,0,0,13,27,183,18,37,0,0,281,27,70,0,67,0,138,84,162,0,0,0,0,72,354,17,0,0,0,0,192,16,377,585,9325,9325,711,4354,4971,9325,4293,2921,1372,437,935,5032,4189,843,514,484,548,520,489,664,567,552,428,723,1015,1043,599,410,398,372,50910,62491,30857.94,66954.74,83671.57,34098.75,34669,33100.25,0,0,0,0,0,1974,82,47,319,1759,4992,2246,286,234,71,876.25,913,234550,16003,2850,512,74,152,0,286,1208,414,549,87,158,604,334,0,37,20,213,0,539,479,45,415,19,60,11.1,9.6
Baker,5799,1971,3240,183,59,134,0,0,212,33.99,55.87,3.16,1.02,2.31,0,0,3.66,2961,2838,419,365,151,12,784,262,865,39,679,655,549,133,123,947,533,947,9.19,34,34.9,33.3,5626,1315,219,119,109,111,315,154,4311,3040,675,1188,942,105,130,4327,819,696,628,2184,5380,4140,1119,29,0,0,0,13,0,0,0,0,0,0,0,0,0,0,0,0,0,0,0,0,0,34,0,0,0,0,0,0,0,0,0,0,0,0,0,45,45,2624,2624,131,964,1660,2624,957,706,251,19,232,1667,1211,456,260,370,79,141,70,72,87,143,108,122,221,252,380,131,71,115,49318,81127,23431.54,72912.73,102883.07,35316,36558,31743,0,0,0,0,0,0,79,240,15,24,21,330,228,172,1646,808,848,312100,5017,782,20,20,0,0,0,113,113,0,0,0,45,0,0,0,0,45,15,589,589,0,589,0,0,26,17.7
Fort Logan,8777,2612,5124,269,40,515,8,0,209,29.48,58,3.33,0.47,6.3,0.06,0,2.36,4255,4522,448,488,553,394,936,1046,1023,3298,933,1387,1046,694,501,1883,1658,1883,19.45,42.4,41.53,44.13,8451,2008,130,59,386,475,365,126,6443,3771,764,1322,1021,351,313,6341,624,1646,2067,2004,8329,6858,887,12,0,4,0,16,0,0,0,15,9,0,10,9,0,15,0,11,0,0,0,75,4,0,0,0,0,0,313,0,57,34,0,0,0,0,0,0,0,3214,3214,160,2517,697,3214,2309,1673,636,168,468,905,721,184,250,86,81,124,127,161,162,104,131,222,371,411,381,193,217,192,68999.67,85510,32397.67,89722.92,103607.33,34473,43025.33,31316,0,0,0,0,0,1975.33,95,102,435,199,1387,794,315,24,23,847.5,1174.67,290100,8059,718,54,8,21,0,25,348,26,25,292,5,2,0,0,0,0,0,0,314,275,0,249,26,39,11.7,7.27
Bear Valley,9246,3940,4303,410,348,218,0,0,27,37.86,53.04,2.99,3,2.78,0,0,0.33,4747,4499,696,718,313,310,1414,852,1587,833,1413,1318,778,552,378,2037,1261,2037,16.08,39.15,38.75,40.2,8851,2104,147,127,241,475,505,73,6747,4617,609,1729,1627,261,391,6247,765,1858,1924,1700,8550,6669,1635,0,0,12,0,5,0,0,0,0,5,0,0,0,0,0,0,0,0,0,0,20,0,0,0,0,0,0,148,0,7,0,49,0,0,0,0,0,49,3681,3681,157,2089,1592,3681,2426,1778,648,311,337,1255,1042,213,117,123,110,80,288,221,195,240,165,318,535,398,452,230,149,62,59026.5,68861.5,24281.25,68673.79,78260.91,36596,41480,33842.5,0,0,0,0,0,1973.5,5,271,287,615,1271,1276,78,12,23,869,901,242000,8335,911,18,9,5,0,4,115,14,0,101,0,0,0,0,0,0,0,0,778,773,21,752,0,5,9.7,7.65
Harvey Park South,8846,4292,3564,149,13,713,29,0,86,47.4,42.2,1.32,0.17,7.84,0.26,0,0.81,4344,4502,501,549,736,324,1050,1360,1213,1983,1118,1005,1028,457,412,2110,1249,2110,14.99,37.45,37.95,37.6,8531,2294,141,124,555,501,548,80,6237,3824,756,1360,1107,482,119,5923,1162,1708,1871,1182,8345,5498,1927,67,42,0,0,9,0,7,0,0,0,0,0,0,0,0,0,0,0,58,44,1,0,4,25,0,0,0,578,31,0,0,0,0,0,54,0,0,54,3095,3095,191,1998,1097,3095,2032,1437,595,215,380,1063,827,236,360,139,148,162,227,81,159,175,120,154,372,255,356,239,76,72,54262.5,65970.5,28257.47,66680.39,79416.82,28761.5,38129,26796.5,0,0,0,0,0,1963,0,114,132,367,590,279,1698,45,61,1071,1401.5,227800,7635,1201,68,0,43,0,25,480,3,58,405,14,27,0,0,0,0,0,0,636,625,42,432,151,11,13.75,11.2
Southmoor Park,4844,178,4221,171,4,168,0,0,102,3.48,87.89,3.4,0.1,3.29,0,0,1.83,2423,2421,253,135,117,111,388,268,1393,1445,674,658,332,173,268,616,660,616,15.05,37.15,36.9,39,4703,1006,112,26,98,125,371,160,3697,2999,872,1401,544,95,87,3628,35,295,874,2424,4591,3980,165,8,0,0,0,21,0,7,7,13,36,34,9,0,0,13,0,0,0,0,39,70,9,0,0,0,1,0,0,67,0,0,0,0,0,112,0,0,112,2727,2727,247,987,1740,2727,958,696,262,87,175,1769,1366,403,107,52,90,48,117,121,127,133,149,281,334,459,308,89,143,171,68917,101826,30120.76,91656.69,116405.16,48264.5,54389,42846,0,41250,40930,50217,72393,1983,239,1198,558,49,121,527,270,9,3,1159,1383,343700,4324,520,195,25,29,13,128,276,68,96,0,112,11,0,0,9,2,0,9,29,25,16,9,0,4,6.45,2.6
Hampden South,14838,1773,10618,1326,0,804,7,0,310,10.58,74.71,7.64,0,5.24,0.03,0,1.8,7337,7501,693,842,439,195,1535,851,2247,2912,2208,1881,1886,902,684,2169,2570,2169,18.61,42.37,39.93,45.1,14364,3000,161,148,367,268,1051,313,11364,8328,1917,4159,1809,305,138,11929,451,1647,3461,6370,14145,12262,570,24,0,0,0,42,0,0,70,28,252,14,8,14,0,50,0,65,0,45,27,94,121,136,0,0,0,0,0,43,0,0,0,0,0,265,10,5,280,7381,7381,474,4229,3152,7381,3564,2755,809,202,607,3817,3064,753,303,163,222,274,322,484,331,539,341,600,527,1069,713,260,672,558,67354.67,97014,35714.35,88744.64,113629.86,42761.67,49762,36209.67,0,0,0,0,0,1977.67,40,558,753,1079,3278,1878,192,0,77,1047.67,986,304433.33,13225,1613,429,60,52,9,308,675,402,182,0,91,114,5,0,59,9,0,7,388,293,60,160,73,95,5.1,1.7
Goldsmith,5262,1363,2872,521,68,135,65,110,128,25.9,54.58,9.9,1.29,2.57,1.24,2.09,2.43,2780,2482,431,330,116,31,761,276,1206,763,612,392,512,296,446,908,857,908,16.29,33.9,32.9,34.3,4928,923,130,22,95,47,204,143,4005,2541,587,1308,401,111,134,3724,219,1223,1111,1171,4831,4006,600,3,0,29,0,13,3,0,13,0,6,0,12,13,0,0,0,0,0,0,0,14,0,26,0,0,0,0,6,0,0,11,0,14,0,55,0,7,76,2662,2662,183,626,2036,2662,1049,538,511,240,271,1613,1267,346,234,213,152,212,412,344,112,123,61,215,149,178,53,81,109,13,31449,34248,21592.7,45350.15,58204.86,26377,27456,24121,0,0,0,0,0,1971,0,11,51,217,1331,1065,129,0,41,721,913,275400,4661,601,59,21,13,0,25,109,40,0,17,52,44,7,0,37,0,0,0,389,386,0,348,38,3,18.4,12.6
Cory - Merrill,4718,364,4076,52,19,68,0,33,106,7.72,86.39,1.1,0.4,1.44,0,0.7,2.25,2464,2254,447,380,149,95,827,300,677,2724,740,433,399,212,173,1071,552,1071,11.7,36.2,32.8,39,4464,1090,150,76,89,115,193,163,3374,2360,630,1013,492,119,106,3336,82,245,499,2510,4271,4046,133,12,7,0,0,43,0,0,6,0,0,0,0,0,0,0,0,0,0,0,0,22,0,0,0,0,0,0,2,0,0,0,0,0,0,0,0,0,0,1855,1855,48,1348,507,1855,1232,806,426,199,227,623,367,256,41,19,44,29,19,19,85,93,59,34,141,441,226,110,134,362,94583,99621,42801.19,146382.21,165712.01,49583,57143,43661,0,0,0,0,0,1952,9,315,43,164,27,56,407,592,290,1603,1713,424000,4559,159,28,10,0,7,11,50,30,8,12,0,8,0,0,0,8,0,0,73,42,7,24,11,31,7.4,5.3
Windsor,13676,3054,7052,2556,99,532,0,0,383,23.35,49.92,19.27,0.73,3.87,0,0,2.87,6110,7566,696,511,457,279,1207,893,2119,1988,1300,1619,1966,1181,1403,1943,3534,1943,24.14,43.9,43.03,44.1,13213,2191,88,108,353,363,560,244,11022,6417,1125,2819,1619,326,528,10619,1113,2516,3048,3942,12980,8856,2004,132,0,32,69,15,26,27,9,0,256,15,0,40,0,74,0,54,0,120,124,91,0,15,0,0,13,0,28,54,0,0,16,21,0,121,10,758,926,7611,7611,863,3280,4331,7611,2709,1550,1159,354,805,4902,4318,584,559,566,845,558,643,653,431,331,399,518,696,733,326,63,123,167,39805,47166.33,27920.97,51253.28,59895.8,26869.33,28677.33,24587.33,25451,26708,36250,48947,62031,1978.67,0,469,1468,1276,2568,2199,391,57,46,833.67,1134,179533.33,10080,3569,437,0,87,8,342,574,90,337,50,97,1007,544,78,29,14,342,12,1566,1530,81,1269,180,36,19.73,19.27
Belcaro,4728,218,4420,45,0,45,0,0,0,4.61,93.49,0.95,0,0.95,0,0,0,2344,2384,209,341,191,40,550,231,281,954,896,695,829,447,208,781,1022,781,21.62,45.3,46,45.1,4567,708,109,47,151,40,66,65,3859,2321,718,1088,466,17,32,3867,107,217,599,2944,4519,4080,83,0,0,0,0,82,0,0,0,143,100,0,0,0,0,17,0,0,14,0,0,0,0,0,0,0,0,0,0,0,0,0,0,0,0,0,0,0,0,2264,2264,195,1824,440,2264,1335,1267,68,0,68,929,779,150,54,18,66,40,0,0,34,48,15,25,211,281,289,180,249,754,131333,166458,71800.32,185198.85,216054.01,72554,98073,54976,0,0,0,0,0,1963,29,538,234,74,73,431,475,213,392,1720,1720,742600,4322,406,243,70,46,0,127,31,0,31,0,0,14,14,0,0,0,0,15,103,23,0,23,0,80,3.1,0
Washington Park,7310,362,6550,35,0,240,0,41,82,4.13,90.87,0.72,0,2.9,0,0.42,0.95,3299,4011,507,361,287,86,868,459,1061,2391,1069,915,1135,386,209,1241,1136,1241,17.47,41.45,41.4,41.35,6977,1401,249,48,236,155,174,283,5576,3647,1271,1674,511,104,87,5808,107,270,767,4664,6803,6314,73,56,0,30,11,41,0,60,82,29,9,0,0,12,0,0,25,0,0,0,7,20,15,0,0,0,0,0,0,0,19,0,0,0,0,0,0,0,0,3274,3274,305,2483,791,3274,1886,1601,285,133,152,1388,1030,358,127,61,59,77,69,83,27,91,97,205,233,373,319,237,410,806,103408.5,143807.5,73861.55,148760.94,198090.13,58204,83462.5,46373,0,30972,35536,49148,81848,1966,45,226,121,130,494,169,184,157,2053,1432.5,1557,545450,6859,451,244,75,80,54,35,86,55,0,31,0,0,0,0,0,0,0,0,121,60,16,24,20,61,5.7,2.5
Washington Park West,7269,534,6143,109,27,156,0,0,300,7.44,84.03,1.51,0.43,2.21,0,0,4.38,3649,3620,485,312,116,24,797,184,1578,1208,1236,801,651,197,144,937,648,937,8.92,35.9,36.8,35,6963,1184,185,50,82,43,320,275,5779,4442,820,2009,1003,354,256,6044,167,519,1125,4233,6784,6490,194,23,0,0,0,20,0,0,0,0,0,0,0,14,0,0,0,0,0,0,6,0,0,29,0,0,8,0,0,0,0,0,0,0,0,0,0,0,0,3518,3518,111,2199,1319,3518,1431,1176,255,69,186,2087,1355,732,164,67,75,95,69,70,89,232,166,155,310,536,341,303,384,463,83534.5,105980.5,37632.37,110860.16,139184.25,49255,53674.5,46311.5,35625,36289,39821,51005,95242,0,55,220,62,71,152,144,235,173,2517,1081.5,1200.5,435650,7006,245,91,50,24,0,17,87,8,9,70,0,10,0,0,0,0,10,18,57,49,0,49,0,8,8.5,5.35
Speer,11759,983,10077,192,0,281,0,44,182,8.16,85.85,1.53,0,2.56,0,0.32,1.58,6097,5662,289,228,186,43,517,246,3589,690,1623,1080,901,337,372,746,999,746,8.38,33.33,35.9,31.9,11567,1671,112,63,178,64,485,641,9896,8114,2109,3493,1809,383,320,10093,222,512,2291,7068,11470,10457,630,37,0,25,15,66,0,13,32,25,0,0,0,0,0,13,0,9,0,83,0,16,0,0,0,0,0,0,15,9,13,0,0,0,0,0,0,12,12,7427,7427,623,1971,5456,7427,1290,969,321,138,183,6137,4539,1598,499,403,214,356,390,553,399,422,329,670,776,616,675,336,353,434,54249.67,111232,37953.73,79364.43,137454.69,41976.33,44281.67,40739.33,0,0,37600,50410,48011,1958.5,141,131,332,512,1222,1531,1019,441,2721,894.33,953,357466.67,11078,648,183,40,62,25,56,209,39,105,56,9,14,0,0,0,14,0,0,275,242,68,128,46,33,13.33,6.13
Cherry Creek,6267,373,5440,53,0,293,0,0,108,5.95,86.8,0.85,0,4.68,0,0,1.72,2739,3528,218,172,164,38,390,257,685,2074,901,995,1219,517,341,592,1510,592,24.09,49,49,49,6128,651,102,42,150,48,119,77,5477,3232,852,1471,738,78,93,5323,271,391,817,3844,6049,5233,113,118,0,61,0,0,0,17,0,0,164,0,0,0,0,136,0,0,0,10,30,116,19,18,0,0,0,0,0,0,0,0,0,0,14,0,0,0,14,4032,4032,286,1916,2116,4032,1452,1121,331,158,173,2580,2322,258,387,157,182,98,71,75,92,148,168,275,160,270,382,140,540,887,89926,182037,69842.06,153453.22,252631.89,75383,99051,49213,0,0,0,0,0,1989,150,803,1106,906,467,162,237,108,379,1260,1338,645300,5453,814,356,79,58,14,205,204,60,92,52,0,33,0,0,0,33,0,72,149,84,40,0,44,65,9.9,3.4
Country Club,3187,108,2871,0,46,54,0,0,108,3.39,90.08,0,1.44,1.69,0,0,3.39,1443,1744,175,175,219,114,350,384,238,957,533,464,606,206,12,683,506,683,15.88,44.5,45.8,42.7,3107,778,100,10,182,130,125,89,2329,1527,587,629,198,58,55,2336,20,95,209,2012,3012,2766,119,32,0,0,8,36,0,0,7,31,0,0,0,0,0,0,0,0,0,0,0,13,0,0,0,0,0,0,0,0,0,0,0,0,0,0,0,0,0,1362,1362,33,1089,273,1362,827,766,61,32,29,535,384,151,0,23,12,47,13,45,18,26,22,106,27,129,168,62,108,554,134167,216875,68108.94,216630.32,272303.63,65081,105625,33542,0,0,0,0,0,0,0,44,8,11,21,24,81,97,1109,1631,1679,824500,3048,139,30,7,10,13,0,54,54,0,0,0,0,0,0,0,0,0,0,55,35,0,26,9,20,2.8,0
Congress Park,11240,1076,9177,531,43,178,0,0,235,10.08,81.22,4.6,0.4,1.67,0,0,2.04,5494,5746,536,512,214,169,1048,484,2744,1217,1593,1126,1038,287,196,1431,828,1431,7.32,34.4,35.03,34.03,10910,2107,213,96,199,201,465,539,8803,7034,2135,3221,1274,251,153,8988,223,466,1643,6656,10704,9910,322,155,0,35,0,8,0,0,0,0,9,0,9,0,0,0,0,19,0,19,134,25,0,0,0,0,0,0,28,0,16,15,0,0,0,0,0,0,0,5911,5911,213,2597,3314,5911,1992,1649,343,108,235,3919,2973,946,392,369,161,250,236,364,304,337,267,446,359,543,559,373,453,500,71981.67,118573.33,38372.28,97693.75,153899.12,43998.67,50823,41035,0,28165,39313,58446,92083,1297.33,51,285,205,224,489,767,498,344,3261,1043,1113,454466.67,10648,592,104,31,15,0,58,126,36,46,44,0,106,40,0,0,66,0,11,245,148,0,102,46,97,10.87,2.07
City Park,3195,261,2579,228,7,78,12,10,20,8.17,80.72,7.14,0.22,2.44,0.38,0.31,0.63,1429,1766,188,119,0,24,307,31,748,962,318,226,349,144,81,331,367,331,11.49,34.6,35.1,34.1,3083,586,87,8,0,24,275,117,2497,1998,477,830,391,226,74,2656,53,175,576,1852,3007,2713,173,34,0,0,0,8,0,0,9,0,0,19,0,0,0,0,0,0,0,12,0,0,0,0,0,0,0,0,14,0,25,0,0,0,0,0,0,0,0,1672,1672,186,708,964,1672,528,426,102,19,83,1144,795,349,125,176,87,78,92,50,44,24,81,102,139,191,183,109,107,84,58487,111667,31315.09,76031.58,122300.19,40000,49643,35655,0,0,0,0,0,1961,7,603,102,16,29,184,62,130,725,843,872,343600,3021,174,21,9,0,0,12,27,0,0,27,0,19,0,0,0,0,19,8,99,83,56,27,0,16,12.7,2.3
Capitol Hill,15704,1554,12372,655,139,492,9,16,467,10.19,78.4,4.24,0.88,3.12,0.06,0.09,3.01,8889,6815,188,130,81,188,318,358,5862,1950,1569,1577,1291,227,123,587,940,587,5.94,31.5,32.83,30.27,15579,2672,11,43,81,179,1325,957,12907,11172,2809,4714,2480,552,617,13335,361,1574,3100,8300,15516,13924,1065,34,16,0,0,73,0,0,0,13,41,0,3,0,0,12,0,27,0,42,9,15,29,57,0,0,34,0,39,13,0,0,0,0,32,13,11,14,70,10717,10717,795,2256,8461,10717,1433,1141,292,202,90,9284,7259,2025,1247,538,530,646,642,852,641,630,493,1007,1030,1197,535,195,317,220,42816,87486,28818.7,56176.65,103654.51,33466.33,34421.33,32347.33,0,30780,35788,42576,50570,1949.33,0,471,280,464,1458,2113,1445,812,4469,804.67,831,224133.33,14754,938,220,33,80,15,92,376,195,85,59,37,14,0,0,14,0,0,0,340,296,33,155,108,44,15.77,5.33
North Capitol Hill,5923,450,4648,349,24,204,0,0,248,7.67,78.45,5.84,0.41,3.37,0,0,4.27,3412,2511,113,53,36,13,166,77,2406,1012,447,653,473,143,82,215,408,215,6.81,31.35,32.4,29.1,5847,594,37,0,36,13,189,274,5253,4036,1242,1726,663,262,143,4977,186,407,1140,3244,5810,5124,273,35,0,21,32,0,0,0,0,0,80,41,0,21,0,0,0,0,0,0,0,55,0,0,0,0,0,0,31,27,35,0,0,0,0,18,4,13,35,3943,3943,326,579,3364,3943,620,460,160,40,120,3323,2505,818,731,160,228,136,89,116,118,204,84,303,294,517,394,197,246,127,52749,93980.5,31543.59,67519.7,96490.42,47473,54496,43527,0,0,0,0,0,1985.5,210,1288,470,245,262,150,97,167,1380,1017.5,1051.5,316950,5428,495,115,55,0,19,41,140,55,0,37,48,23,13,0,10,0,0,14,203,168,9,64,95,35,20.7,19.15
Civic Center,1769,90,1454,112,0,52,0,0,61,5.09,82.19,6.33,0,2.94,0,0,3.45,1097,672,27,0,0,0,27,0,390,1243,260,430,180,49,41,27,155,27,8.76,42.5,42.5,42,1742,164,0,0,0,0,114,50,1578,1053,353,457,178,21,44,1601,65,121,380,1035,1742,1580,20,33,0,0,0,0,0,0,0,9,0,11,0,0,0,0,0,21,0,0,0,0,10,0,0,0,0,0,0,21,0,0,0,0,0,37,0,0,37,1251,1251,155,332,919,1251,354,322,32,8,24,897,810,87,150,114,33,37,34,62,0,11,38,78,106,161,107,81,50,189,69638,121786,44587.39,117931.41,171403.39,55163,63375,42841,0,0,0,0,0,2002,10,826,354,42,41,19,34,10,70,1310,1353,372100,1612,157,55,11,33,0,11,91,11,42,10,28,0,0,0,0,0,0,0,11,0,0,0,0,11,13.5,0
CBD,4049,406,3025,300,19,112,0,0,187,10.03,74.71,7.41,0.47,2.77,0,0,4.62,2266,1783,13,12,16,0,25,354,1429,4379,678,466,231,116,15,41,233,41,5.75,31.9,33,30.1,4036,1096,12,0,0,11,969,88,2940,2591,1144,742,389,196,120,2926,143,176,792,1815,4036,3759,138,16,0,0,0,0,0,0,0,0,47,0,0,0,0,0,0,0,0,0,0,25,16,0,0,0,0,0,0,0,0,0,0,0,0,7,0,0,35,2495,2495,908,847,1648,2495,396,357,39,20,19,2099,1657,442,392,110,119,171,18,15,28,31,126,262,199,277,62,207,227,254,58242,166538,26998.05,95365.97,229128.28,51615,56941,41625,0,0,0,0,0,1975,370,534,112,528,307,662,144,27,719,1116,1200,268100,3774,275,87,51,21,0,15,19,12,0,0,7,28,28,0,0,0,0,17,124,106,0,16,90,18,21,4.8
Union Station,5062,442,4222,62,0,289,0,0,47,8.73,83.41,1.22,0,5.71,0,0,0.93,2926,2136,99,27,37,22,126,59,1096,2287,726,858,710,261,43,185,565,185,11.16,41.4,38.7,45.7,4963,360,0,0,37,22,135,139,4603,2776,993,1142,406,221,14,4532,290,483,655,3104,4963,4505,53,16,0,0,0,0,0,0,0,0,61,36,0,0,0,0,0,0,0,0,14,237,0,12,0,0,0,0,13,16,0,0,0,0,0,0,0,0,0,3439,3439,572,1235,2204,3439,794,734,60,25,35,2645,2072,573,478,303,113,0,75,0,83,17,0,244,276,461,241,245,258,647,81961,138026,57228.49,121554.23,178377.83,72208,80625,70517,0,0,0,0,0,2000,240,1780,242,447,347,161,140,17,637,1544,1623,496900,4610,452,147,69,0,0,78,286,230,31,25,0,0,0,0,0,0,0,19,0,0,0,0,0,0,19.2,17.5
Stapleton,17626,2099,12569,1395,96,679,0,2,786,10.85,71.07,8.47,0.45,4.36,0,0.01,4.79,8630,8996,2185,1804,870,176,3989,1132,1478,3094,3565,1081,841,281,154,5035,712,5035,4.57,34.8,34.05,35.35,16300,4191,790,432,739,215,387,304,12109,6885,1060,3078,2079,535,133,12213,1022,1668,1634,7889,15441,13704,1120,79,0,25,0,37,0,12,12,0,47,11,0,38,0,0,0,0,0,0,0,157,27,32,0,0,18,0,9,0,55,0,0,2,0,0,0,56,58,5779,5779,239,4184,1595,5779,3728,3089,639,265,374,2051,1564,487,179,78,90,182,59,25,112,92,104,188,408,654,710,837,866,1195,117256,144651,0,134776.42,160756.89,71475.5,80849.5,59411.5,0,0,0,0,0,2006.5,1332,4429,186,47,0,9,0,0,15,1509,1621.5,427800,16654,962,244,40,45,58,101,339,194,51,68,26,83,56,0,0,8,19,9,297,257,38,219,0,40,4.05,2.65
Montbello,34483,20897,3956,8150,16,412,191,74,787,52.71,9.82,19.75,0.03,1.09,0.36,0.18,1.76,16929,17554,3274,3741,3691,1613,7015,6527,5063,1837,4160,3202,2134,930,482,12319,2322,12319,5.74,22.71,22.31,22.86,32434,11716,617,631,2921,2358,1881,99,20718,13111,2328,5095,3437,1042,1209,18202,6053,5789,4760,1600,31209,12830,17043,35,30,12,0,52,0,0,5,0,100,0,0,0,0,0,0,0,15,0,11,50,48,9,18,0,0,26,94,43,69,212,22,10,0,36,0,439,507,8484,8484,229,5195,3289,8484,6845,4296,2549,565,1984,1639,1300,339,667,399,470,447,556,635,459,547,561,706,1034,1206,442,150,155,48,46100,44361.33,13245.01,46385.85,53607.3,23046.5,26975.33,18868.5,20615,31817,28949,37553.33,55201,1978.66,17,985,1396,1603,3083,1341,152,107,29,1004.33,1144.5,157966.66,24018,10425,139,9,27,14,89,227,67,20,136,4,552,44,0,0,0,508,65,9482,9482,54,9385,43,0,21.21,19.24
Lowry Field,8194,844,6415,445,0,220,0,31,239,10.3,78.29,5.43,0,2.68,0,0.38,2.92,3714,4480,452,659,526,228,1111,868,948,1297,1079,915,896,201,339,1865,919,1865,11.22,37,37.2,36,7868,2393,133,112,459,314,410,464,5475,4131,943,1981,778,185,244,5948,81,512,1087,4268,7742,6361,637,98,0,35,42,0,0,0,17,0,26,13,28,0,0,0,32,0,0,0,0,31,28,21,0,17,0,0,0,47,30,0,0,0,0,123,68,73,279,3823,3823,353,1880,1943,3823,1912,1524,388,125,263,1911,1634,277,145,126,199,134,148,84,110,122,187,168,438,447,271,214,501,528,76650,115781,31138.42,114214.18,153540.69,52603,64786,45235,0,0,0,0,0,2002,282,2342,769,166,131,44,121,72,249,1155,1223,446000,7389,805,201,87,14,12,88,182,84,0,52,46,196,73,0,123,0,0,0,226,212,39,108,65,14,8.2,6.2
West Colfax,9120,4674,3130,858,216,98,0,0,144,50.93,35.15,9.06,2.17,1.01,0,0,1.68,4474,4646,929,422,387,182,1351,786,1938,377,1045,1028,734,528,259,1920,1055,1920,12.46,33.3,32.35,34.9,8528,1915,242,63,284,345,496,123,6613,3767,930,1621,810,113,293,6073,1732,1619,1429,1293,8191,5161,2564,28,0,0,0,21,8,0,0,0,0,0,0,11,0,0,0,0,0,0,0,0,0,0,0,17,0,0,13,0,0,0,9,0,0,74,10,275,368,3664,3664,391,848,2816,3664,1606,822,784,207,577,2058,1525,533,779,276,461,380,233,105,155,144,100,228,229,260,139,66,63,47,23844,30546,19532.42,43936.38,53376.16,21570.5,24348,16149.5,0,0,0,0,0,1964.5,152,147,241,273,756,592,815,326,753,697,734,249450,7123,1997,96,41,50,0,5,85,0,19,17,49,349,293,22,17,17,0,0,1467,1441,15,1408,18,26,37.65,33
West Highland,9229,1410,7322,309,8,76,0,14,90,15.11,79.36,3.5,0.09,0.79,0,0.15,1,4637,4592,627,455,113,267,1082,455,1640,1451,1324,1075,762,541,152,1462,993,1462,10.84,36,36.85,35.7,8739,1583,135,103,107,274,381,257,7156,5189,1086,2119,1224,613,147,7411,341,708,1441,4921,8602,7347,995,32,0,58,0,23,0,0,14,0,0,0,0,0,0,12,0,0,0,0,0,42,50,0,0,0,0,0,0,0,22,0,0,0,0,0,7,0,7,4226,4226,282,2614,1612,4226,1926,1506,420,86,334,2300,1570,730,117,139,62,195,236,129,135,244,158,163,265,532,433,340,421,655,88447.5,116818,36989.04,116840.25,134013.99,50330.5,55182.5,46236.5,0,33819,36962,59438,92381,1947,45,535,65,137,198,97,388,431,2612,1021,1126,377200,8728,501,153,114,20,19,0,62,55,0,0,7,0,0,0,0,0,0,0,286,206,0,175,31,80,8.75,4.55
Sloan Lake,7813,2311,4502,622,19,142,16,0,201,26.28,63.35,5.74,0.3,1.49,0.41,0,2.42,3662,4151,534,414,218,262,948,563,911,659,1159,836,800,414,303,1428,1021,1428,12.17,37.05,38.3,36.2,7460,1503,166,124,154,371,243,203,5957,4018,774,1820,1024,214,186,6021,625,1049,991,3356,7279,6057,949,44,0,19,0,38,0,5,0,0,0,38,0,0,0,9,0,0,0,0,13,5,11,0,0,0,0,0,47,0,32,0,0,0,0,12,0,0,12,3705,3705,143,2099,1606,3705,1756,1234,522,127,395,1949,1541,408,309,397,153,169,180,86,95,134,132,192,271,307,435,169,279,395,69810.5,96858.5,32832.72,95271.18,119909.31,49221,57273,43963.5,0,0,0,0,0,1951.5,34,99,114,238,568,283,747,500,1265,844,913.5,364850,7299,514,121,43,39,0,39,121,11,5,93,7,18,0,0,18,0,0,0,254,227,39,188,0,27,17.25,11.15
Berkeley,8564,2192,6095,42,9,112,0,26,88,27.31,71.57,0.63,0.08,1.09,0,0.41,1.19,4113,4451,703,254,242,138,957,414,1198,591,1292,1100,975,350,328,1337,1113,1337,12.91,38.85,38.7,39.15,7957,1213,61,106,172,155,224,294,6744,4353,787,2114,856,468,128,6999,514,1172,1667,3646,7861,6801,947,41,0,0,0,38,0,0,0,0,0,0,0,0,0,0,0,0,0,0,0,34,0,0,0,0,0,0,0,0,0,0,0,0,0,0,0,0,0,4244,4244,134,2787,1457,4244,2123,1770,353,72,281,2121,1629,492,291,156,126,190,163,255,128,121,202,282,518,379,552,264,252,364,66120.5,87265.5,29310.81,85744.24,105342.78,47419.5,56083.5,40739,0,0,0,0,0,0,114,287,73,110,133,168,506,457,2530,769.5,854,343450,8174,380,38,11,17,0,10,41,41,0,0,0,67,67,0,0,0,0,0,244,203,0,183,20,41,9.35,4.2
Regis,4218,1235,2816,53,0,55,6,0,53,29.28,66.76,1.26,0,1.3,0.14,0,1.26,2178,2040,61,182,163,111,243,785,711,1450,573,489,432,159,127,517,436,517,10.34,35,33.7,36.4,4174,1445,28,80,124,151,907,58,2729,2150,455,897,516,214,68,2741,210,552,865,1114,4157,3769,278,10,0,18,0,29,0,0,0,0,0,0,0,0,0,0,0,6,6,0,12,21,8,0,0,0,0,0,0,0,0,0,0,0,0,0,0,0,0,1631,1631,36,1166,465,1631,789,530,259,115,144,842,544,298,51,72,86,49,57,139,61,99,80,133,156,254,218,54,70,51,56691,82411,0,70658.74,88044.49,29583,30255,29022,0,0,0,0,0,1942,0,37,46,51,75,170,339,144,805,855,855,238700,4058,160,39,10,29,0,0,29,11,8,10,0,0,0,0,0,0,0,30,62,48,0,13,35,14,13.5,8.2
Lincoln Park,6038,2578,2588,629,30,126,0,22,65,43.04,41.75,11.36,0.44,2,0,0.32,1.09,3014,3024,303,489,333,175,792,574,1439,1011,555,573,426,271,111,1300,554,1300,9.43,31.5,33.1,29.15,5871,1807,104,84,324,212,576,100,4064,2626,835,1083,463,158,87,4036,974,608,1005,1449,5735,3811,1652,17,0,8,0,0,0,0,13,0,0,11,0,0,0,0,0,0,0,0,0,35,0,51,0,0,0,0,0,7,0,0,0,0,0,130,0,0,130,2647,2647,295,736,1911,2647,988,486,502,67,435,1659,1092,567,623,175,165,94,126,132,133,104,141,123,198,265,233,69,48,17,31854.5,35030.5,23928.96,44706.49,49461.11,27885.5,31500.5,20005.5,16845,20703,24261,46554,49831,1981,121,134,352,652,316,39,56,96,1176,662.5,732.5,226000,5084,954,33,13,0,13,7,154,35,27,11,81,117,11,0,44,0,7,6,644,644,0,601,43,0,35.2,26.85
City Park West,4583,731,2789,759,0,120,0,57,127,16.64,59.25,16.96,0,2.4,0,1.96,2.79,2416,2167,190,142,64,58,332,131,1153,991,476,503,427,199,119,454,504,454,10.02,33.35,33.15,33.7,4418,637,27,46,48,104,181,139,3781,2350,729,834,498,161,128,3763,361,552,719,2131,4393,3919,234,21,0,18,0,30,0,9,0,0,18,0,0,28,0,0,0,26,0,9,0,35,0,0,0,0,0,0,0,25,0,0,0,0,0,0,8,13,21,2536,2536,230,773,1763,2536,618,428,190,39,151,1918,1536,382,577,238,103,80,123,65,74,64,58,204,221,230,137,125,144,95,42519.5,83686,29020.96,64159.95,106487.83,36715.5,37145.5,38710.5,0,0,0,0,0,1965,9,234,164,271,368,245,85,94,1296,765,795.5,328850,4210,365,100,30,39,0,31,73,8,31,0,34,43,43,0,0,0,0,0,157,143,9,119,15,14,24.75,18.75
Whittier,5989,1357,2982,1466,25,0,0,0,159,22.66,49.79,24.48,0.42,0,0,0,2.65,2452,3537,462,649,314,128,1111,512,1346,2412,893,435,244,132,80,1553,328,1553,5.48,30.1,30.2,30.1,5727,1822,155,149,246,268,344,214,3905,3176,691,1445,748,201,91,3927,549,523,1000,1855,5527,4175,1205,16,0,12,0,39,0,15,0,0,0,0,0,0,0,0,0,0,0,0,42,0,0,0,0,0,0,0,0,0,0,0,0,0,0,0,0,23,23,2162,2162,21,1217,945,2162,1183,700,483,13,470,979,624,355,106,130,59,148,161,54,138,151,45,129,209,253,245,147,134,52,58861,61314,16701.54,72120.95,75162.64,35036,33253,36794,0,0,0,0,0,0,0,85,70,41,111,142,131,7,1596,715,879,325900,5477,512,81,42,39,0,0,0,0,0,0,0,23,23,0,0,0,0,0,408,408,0,395,13,0,26.2,20.4
Skyland,3147,531,1284,1192,0,0,0,24,116,16.87,40.8,37.88,0,0,0,0.76,3.69,1719,1428,117,79,56,112,196,168,704,1717,377,230,507,155,151,364,460,364,14.62,36.1,32.5,39.7,3049,455,19,8,56,74,151,118,2594,1952,404,705,476,206,161,2512,246,511,529,1226,3030,2585,445,0,0,0,0,0,0,0,0,0,0,0,0,0,0,0,0,0,0,0,0,0,0,0,0,0,0,0,0,0,0,0,0,0,0,0,0,0,0,1412,1412,81,917,495,1412,662,382,280,90,190,750,541,209,104,106,63,71,65,70,25,25,77,62,109,191,173,104,80,88,63793,87031,23537.5,77782.37,95740.03,35734,35227,36167,0,0,0,0,0,1950,0,29,26,50,84,141,425,295,443,876,1061,270400,2918,229,20,10,0,0,10,22,0,22,0,0,41,0,0,0,0,0,0,146,138,12,126,0,8,12.5,6.6
Cole,4600,2434,1451,587,7,27,0,1,93,52.91,31.54,12.76,0.15,0.59,0,0.02,2.02,2318,2282,275,326,497,221,601,779,698,828,723,391,220,134,90,1319,288,1319,6.26,32.9,33.9,32,4435,1217,64,62,315,318,192,23,3218,2054,649,724,305,205,171,3118,897,687,696,838,4325,2834,1439,0,0,8,0,16,0,0,0,0,0,10,0,0,0,0,0,0,0,0,0,0,0,0,0,0,0,0,0,1,0,0,0,0,0,17,0,0,17,1678,1678,165,854,824,1678,1008,513,495,226,269,670,495,175,159,91,141,74,253,74,118,22,54,75,222,205,76,7,39,67,38286,38969,12860.35,61194.87,70384.92,27931,28829,24514,22250,18964,29353,47576,44828,0,15,111,101,88,61,145,113,30,1179,727,839,206600,3582,1018,45,11,16,8,10,18,0,1,0,17,0,0,0,0,0,0,7,948,948,0,941,7,0,24.7,24.2
Marston,11287,1821,8075,19,44,792,0,0,536,15.76,71.92,0.19,0.38,7.08,0,0,4.67,5550,5737,653,565,590,358,1218,1062,1742,2034,1447,1707,1439,610,225,2166,1537,2166,14.28,39.1,36.8,42,10943,2403,174,219,382,468,630,191,8540,6132,952,2441,1467,879,393,8426,326,1532,3225,3343,10634,9434,484,0,0,18,0,0,0,0,0,18,50,0,0,0,0,0,0,0,0,126,0,91,0,45,0,17,38,0,167,146,0,0,0,0,0,0,0,0,0,5277,5277,340,3164,2113,5277,2836,2228,608,231,377,2441,1904,537,219,172,179,261,213,247,224,172,260,766,569,874,392,220,272,237,59438,78965,34514.42,77597.51,97956.74,36737.5,42842.5,33623.5,31375,31371,31695,48456,52266,1990,34,992,1845,1830,870,26,7,0,13,932.5,971,264000,10448,839,70,0,37,0,33,523,115,218,190,0,0,0,0,0,0,0,50,196,179,33,35,111,17,6.2,4.1
Washington Virginia Vale,13824,2054,7766,2529,56,795,0,52,572,13.95,59.18,15.93,0.36,4.87,0,0.5,5.2,6858,6966,988,574,600,259,1562,1081,2748,1681,1357,1852,1147,836,749,2421,2119,2421,15.1,37.13,35.13,38.83,13179,2968,215,167,437,328,1039,293,10211,6756,1756,2770,1353,429,448,10336,1036,1734,2871,4695,12836,10040,651,43,13,0,55,0,19,0,0,22,384,28,1,41,0,39,0,70,0,185,150,110,24,0,0,2,0,0,24,106,0,21,0,23,0,189,65,531,808,6728,6728,423,2343,4385,6728,3060,2035,1025,295,730,3668,2972,696,671,470,312,489,461,406,456,428,310,461,522,698,340,333,190,179,45029.33,52340.33,16764.81,60660.26,72697.48,33443,33430.67,34104,0,0,0,0,0,1969.67,41,268,602,801,2724,1398,1104,177,36,863.33,1030.33,279666.67,11233,2542,628,31,30,22,545,762,88,460,152,62,769,547,0,170,0,43,10,422,422,12,256,154,0,18.7,11.9
Barnum,6593,5085,1371,72,50,6,0,0,9,77.13,20.79,1.09,0.76,0.09,0,0,0.14,3090,3503,359,517,785,314,876,1394,1014,1749,824,716,308,235,159,1975,517,1975,7.84,30.1,30.9,29.7,6358,2063,72,153,686,402,326,29,4295,2554,393,1106,527,295,233,3790,1616,1168,714,292,6234,2490,3710,0,0,0,0,19,0,0,0,0,0,0,0,0,0,0,0,0,0,0,0,0,0,0,0,0,6,0,0,0,0,0,9,0,0,0,0,0,9,1960,1960,38,1087,873,1960,1487,889,598,131,467,473,368,105,259,118,165,144,100,144,61,113,144,231,126,263,56,21,0,16,39528,33150,13774.82,43760.87,41799.53,22380,26497,20718,17352,23292,37599,25850,44167,1952,0,117,15,26,52,193,736,319,540,806,956,144800,4650,1943,34,8,10,0,16,6,0,0,6,0,0,0,0,0,0,0,6,1897,1897,0,1897,0,0,32.9,31.1
Barnum West,5860,4200,1253,74,52,216,0,16,49,71.67,21.38,1.26,0.89,3.69,0,0.27,0.84,3166,2694,510,363,408,388,873,874,889,1067,697,709,546,223,216,1669,606,1669,10.34,33.4,29.1,37.2,5542,1376,71,62,390,298,202,47,4166,2437,508,884,729,165,151,3544,1443,869,805,427,5350,2372,2663,0,0,26,0,0,0,0,0,0,0,0,0,0,0,0,0,0,0,0,19,54,24,0,13,0,0,0,94,0,18,0,0,0,0,19,0,48,67,1725,1725,122,1142,583,1725,1262,781,481,196,285,463,320,143,102,143,132,89,41,132,75,43,111,169,269,212,68,92,40,9,49878,54453,16227.54,56790.61,59266.88,27616,31080,20813,26558,29121,35260,51528,41974,1954,0,40,56,43,85,136,985,268,234,897,1084,156100,4054,1774,39,0,9,11,19,191,47,0,134,10,54,54,0,0,0,0,0,1522,1522,0,1522,0,0,27.5,21.7
Villa Park,9135,6611,2194,185,44,54,0,0,47,72.43,24.21,1.88,0.43,0.53,0,0,0.51,4661,4474,927,947,656,197,1874,1064,1672,471,1160,962,630,266,189,2727,692,2727,7.56,30.2,30.9,30.7,8521,2418,196,258,449,383,364,77,6103,3566,649,1414,1023,206,274,5515,2041,1494,1204,776,8208,3899,4099,0,7,0,0,0,0,0,0,0,0,24,0,11,0,8,0,0,37,0,0,7,0,0,0,0,0,0,10,0,0,0,0,0,34,72,0,0,106,2936,2936,223,1236,1700,2936,1793,1095,698,230,468,1143,863,280,436,250,180,230,269,192,146,168,99,342,223,204,99,67,32,0,33139.5,39487,14009.6,42074.47,46104.56,25319.5,27380,21475.5,0,0,0,0,0,1955.5,44,254,80,144,333,278,1199,324,503,798,914.5,145850,6582,2526,69,0,0,0,69,62,7,45,10,0,56,7,0,49,0,0,0,2366,2366,7,2359,0,0,30.4,25.15
Clayton,4250,1804,1215,1107,40,26,0,7,51,42.45,28.59,26.05,0.94,0.61,0,0.16,1.2,2093,2157,303,215,308,221,518,596,712,392,481,460,307,216,132,1047,433,1047,10.19,32.9,33.3,32.7,4127,1060,30,32,241,330,200,47,3067,1754,332,731,409,176,106,2749,860,607,589,693,3947,2257,1649,16,0,0,0,0,0,0,0,0,0,0,0,0,0,0,0,0,0,0,9,16,0,0,0,0,0,0,0,0,0,0,0,0,0,0,0,0,0,1518,1518,143,845,673,1518,869,512,357,52,305,649,490,159,184,82,62,76,216,74,74,69,43,135,137,181,102,10,18,58,39130,35819,15979.27,67240.05,78839.47,23257,26425,16750,0,0,0,0,0,1946,3,71,27,101,27,51,404,411,566,721,915,169000,3361,889,9,0,0,0,9,16,0,0,16,0,0,0,0,0,0,0,0,864,858,11,847,0,6,24.8,23.1
Gateway - Green Valley Ranch,34957,14363,7935,9482,183,1712,15,346,921,41.38,22.87,27.1,0.48,4.65,0.04,0.95,2.54,16864,18093,2678,2912,3566,1862,5590,6215,4559,1211,5913,3686,1681,570,469,11018,1798,11018,5.14,31.5,32.1,30.63,33520,11831,501,682,3069,2433,2365,516,21689,17501,2815,6063,4991,2055,1577,21092,4193,5310,7079,4510,32279,17897,10548,177,181,93,25,141,0,17,0,0,26,79,30,70,0,284,0,0,0,0,59,256,14,64,152,12,0,42,576,26,152,14,0,58,0,20,0,1266,1344,10474,10474,261,7127,3347,10474,8088,5534,2554,593,1961,2386,1770,616,339,129,156,376,465,476,305,532,553,1169,1111,2338,1160,568,701,95,68863.5,69421.25,0,75720.31,75568.94,35344.5,38855.5,32144.75,26116,40136.5,37472.5,42713,62893.5,2002,674,6450,2298,971,157,108,20,29,28,1216.75,1374.75,199625,25672,9233,586,171,188,75,152,1438,381,287,770,0,899,363,10,10,17,284,7,6355,6355,389,5411,555,0,7.8,6.55
Indian Creek,3512,506,2262,505,19,76,0,0,144,14.41,64.41,14.38,0.54,2.16,0,0,4.1,1624,1888,234,113,97,9,347,117,687,1256,385,500,554,256,52,453,521,453,14.83,39.7,37.7,42.8,3360,585,71,0,40,12,265,86,2775,1994,230,1142,436,93,93,2881,116,404,715,1646,3278,2689,377,0,9,13,7,5,0,0,0,6,71,0,0,0,0,0,0,0,0,0,0,24,21,0,0,0,0,0,0,0,5,0,0,0,0,17,9,25,51,1938,1938,87,1305,633,1938,804,555,249,83,166,1134,964,170,124,10,101,49,94,98,131,73,127,273,137,291,220,93,43,78,56940,55658,37005.5,70476.26,81072.14,41143,45030,40638,0,33438,38173,44792,67125,1985,0,19,350,1368,263,8,17,0,0,1097,721,211600,3007,505,160,25,64,0,71,75,54,2,10,9,22,22,0,0,0,0,0,248,248,9,157,82,0,7.4,4
Five Points,14768,3090,9534,1472,63,233,19,0,357,18.57,62.68,13.63,0.57,1.49,0.06,0,2.99,8337,6431,565,379,254,212,944,492,5390,644,1658,1624,975,300,87,1410,826,1410,7.94,33.93,34.87,32.97,14462,2448,93,120,185,280,894,617,12014,8991,2653,3854,1465,427,592,11532,1221,1189,2687,6435,14203,12128,1653,51,0,26,0,28,0,10,0,17,50,0,5,0,0,50,0,0,0,0,47,6,36,20,0,0,0,0,0,0,0,19,0,0,8,0,0,49,57,7344,7344,620,2218,5126,7344,2073,1311,762,337,425,5271,3528,1743,742,416,367,226,272,282,403,205,206,529,603,1111,556,603,391,433,55961,65658.33,21514.04,78602.06,110403.36,42419.33,44379.33,40617,0,0,0,0,0,1328.33,717,3719,289,453,212,220,107,49,2198,947,1014.33,318000,13623,1145,121,6,39,5,71,92,38,8,46,0,50,13,0,10,0,8,27,855,814,15,733,66,41,23.57,18.87