NBHD_NAME,TTL_POPULATION_ALL,HISPANIC_OR_LATINO,WHITE,BLACK,NATIVE_AMERICAN,ASIAN,HAWAIIAN_PI,OTHER_RACE,TWO_OR_MORE,PCT_HISPANIC,PCT_WHITE,PCT_BLACK,PCT_NATIVE_AM,PCT_ASIAN,PCT_HAWAIIAN_PI,PCT_OTHERRACE,PCT_TWOORMORE_RACES,MALE,FEMALE,AGE_LESS_5,AGE_5_TO_9,AGE_10_TO_14,AGE_15_TO_17,AGE_0_TO_9,AGE_10_TO_19,AGE_20_TO_29,AGE_30_TO_39,AGE_40_TO_49,AGE_50_TO_59,AGE_60_TO_69,AGE_70_TO_79,AGE_80_PLUS,AGELESS18,AGE65PLUS,PCT_AGELESS18,PCT_AGE65PLUS,TTL_AGE_3_PLUS_ENRSTATUS,ENROLLED_IN_SCHOOL,NURSERY_OR_PRESCHOOL,KINDERGARTEN,GRADES_1_TO_4,GRADES_5_TO_8,GRADES_9_TO_12,COLLEGE_UNDERGRADUATE,GRADUATE_SCHOOL,NOT_ENROLLED,TOTAL_COMMUTERS,COMMUTE_LESS_15,COMMUTE_15_TO_30,COMMUTE_30_TO_45,COMMUTE_45_TO_60,COMMUTE_60_PLUS,TTLPOP_25PLUS_EDU,LESS_THAN_HS_DIPLOMA_EDU,HSGRAD_OR_EQUIV_EDU,SOMECOLLEGE_OR_AA_EDU,BACHELORS_OR_HIGHER_EDU,TTL_HOUSING_UNITS,OCCUPIED_HU,VACANT_HU,OWNER_OCCUPIED_HU,RENTER_OCCUPIED_HU,TTL_HOUSEHOLDS,FAMILY_HOUSEHOLDS,MARRIED_COUPLE_FAMILY,OTHER_FAMILY,MALE_HHLDR_NO_WIFE_PRESENT,FEMALE_HHLDR_NO_HSBND_PRESENT,NONFAMILY_HOUSEHOLD,HOUSEHOLDER_ALONE,HOUSEHOLDER_NOT_ALONE,HH_INC_LESS_10000,HH_INC_10000_14999,HH_INC_15000_19999,HH_INC_20000_24999,HH_INC_25000_29999,HH_INC_30000_34999,HH_INC_35000_39999,HH_INC_40000_44999,HH_INC_45000_49999,HH_INC_50000_59999,HH_INC_60000_74999,HH_INC_75000_99999,HH_INC_100000_124999,HH_INC_125000_149999,HH_INC_150000_199999,HH_INC_OVER_200000,PER_CAPITA_INCOME,AVG_HH_INCOME,AVG_FAM_INCOME,BUILT_2005_OR_LATER,BUILT_2000_2004,BUILT_1990_1999,BUILT_1980_1989,BUILT_1970_1979,BUILT_1960_1969,BUILT_1950_1959,BUILT_1940_1949,BUILT_1939_OR_EARLIER,NATIVE_BORN,FOREIGN_BORN_FB,PCT_IN_POVERTY,PCT_FAM_POVERTY,SHAPE_Length,SHAPE_Area
Goldsmith,5009,1212,2732,767,0,177,0,90,31,24.2,54.54,15.31,0,3.53,0,1.8,0.62,2593,2416,344,96,125,111,440,433,1042,711,757,528,473,276,349,676,876,13.5,17.49,4727,689,74,17,67,49,192,278,12,4038,2377,385,1435,221,274,62,3542,417,1244,1109,772,2950,2586,364,733,1853,2586,1059,744,315,159,156,1527,1323,204,545,158,261,243,206,266,76,147,91,159,77,134,140,18,52,13,20809,37060,46551,0,19,76,159,1432,1039,153,59,13,4124,885,28.83,25.87,0.110966495,0.000210293
Virginia Village,13231,2474,9107,728,93,433,87,26,283,18.7,68.83,5.5,0.7,3.27,0.66,0.2,2.14,7152,6079,853,849,671,219,1702,1053,2554,2182,1651,1798,1012,794,485,2592,1743,19.59,13.17,12649,2623,150,181,650,375,462,524,281,10026,6441,1092,3059,1509,368,413,9338,961,2135,2419,3823,6684,6184,500,2849,3335,6184,3050,2154,896,402,494,3134,2605,529,623,438,400,396,565,436,218,399,363,556,418,569,419,211,137,36,24290,50248,61696,18,112,100,333,1389,1886,2420,262,164,10376,2855,20.08,16.85,0.128604709,0.000528266
Gateway / Green Valley Ranch,26695,9311,6858,7763,43,1668,145,11,896,34.88,25.69,29.08,0.16,6.25,0.54,0.04,3.36,12700,13995,2704,2749,2179,1082,5453,3810,3765,5538,3827,2654,1159,449,40,8714,838,32.64,3.14,25104,8000,440,572,2252,1494,1371,1438,433,17104,13558,2004,5423,3791,1398,942,15902,2600,3675,5593,4034,9940,9348,592,6638,2710,9348,6673,4669,2004,528,1476,2675,2013,662,221,289,224,340,586,435,550,599,408,1162,1260,1666,941,260,284,123,23762,66469,68649,1320,4560,2522,1183,214,91,12,0,38,21141,5554,8.88,8.24,0.216272642,0.002004816
DIA,1251,297,373,570,0,11,0,0,0,23.74,29.82,45.56,0,0.88,0,0,0,532,719,210,119,69,51,329,192,268,156,132,81,65,28,0,449,37,35.89,2.96,1069,388,0,0,134,54,123,55,22,681,539,105,265,139,23,7,648,63,236,270,79,508,487,21,333,154,487,324,168,156,0,156,163,163,0,15,28,51,41,0,44,32,37,117,42,29,29,14,8,0,0,17044,43297,46962,240,201,15,0,0,0,43,0,9,1183,68,11.67,8.33,0.632611603,0.011454078
University Hills,5574,539,4377,454,0,38,0,0,166,9.67,78.53,8.14,0,0.68,0,0,2.98,2480,3094,289,194,129,204,483,477,668,873,850,839,393,290,701,816,1170,14.64,20.99,5343,923,47,28,128,105,281,242,92,4420,2667,727,1166,427,231,116,4312,404,967,1143,1798,2681,2472,209,1751,721,2472,1309,995,314,83,231,1163,872,291,109,88,94,188,178,177,177,93,68,257,254,241,185,116,113,134,34135,72900,88861,45,53,73,99,221,270,1804,109,7,5241,333,6.53,4.81,0.115736385,0.000394574
Harvey Park,11751,7197,3793,8,165,247,0,66,275,61.25,32.28,0.07,1.4,2.1,0,0.56,2.34,5720,6031,780,896,1096,704,1676,2122,1483,1725,1689,1476,699,540,341,3476,1207,29.58,10.27,11313,3317,203,151,757,911,810,426,59,7996,5053,848,1815,1669,330,391,7179,2165,2183,1633,1198,4340,4094,246,2738,1356,4094,2701,1860,841,280,561,1393,1054,339,139,229,327,157,311,266,136,217,153,653,620,511,204,43,71,57,20038,56124,57860,18,66,18,78,313,827,2630,367,23,8995,2756,12.44,11.92,0.105363909,0.000458318
Mar Lee,12568,9036,2954,74,12,441,0,10,41,71.9,23.5,0.59,0.1,3.51,0,0.08,0.33,6428,6140,1099,857,1102,659,1956,1991,2196,1662,1775,1300,872,285,531,3717,1240,29.58,9.87,11881,2962,200,180,700,842,804,219,17,8919,5012,1034,1952,1230,566,230,7413,2863,2425,1448,677,4257,3911,346,2665,1246,3911,2783,1715,1068,393,675,1128,924,204,218,160,359,300,336,208,346,178,183,345,395,703,109,42,23,6,16085,49014,48756,0,66,48,147,162,604,2962,164,104,8863,3705,22.68,17.57,0.085461974,0.00040995
Westwood,14909,11361,2352,205,272,478,0,0,241,76.2,15.78,1.38,1.82,3.21,0,0,1.62,8281,6628,1410,2049,1121,720,3459,2253,2402,2217,2158,1061,659,338,362,5300,1020,35.55,6.84,14084,4366,295,412,1217,973,1051,393,25,9718,5892,874,2395,1798,356,469,8220,4632,2024,1294,270,4837,4389,448,2011,2378,4389,3290,2100,1190,397,793,1099,778,321,537,405,599,316,427,313,396,274,190,280,282,189,104,35,29,13,11315,36276,35617,69,341,344,256,333,392,1544,826,732,8952,5957,38.98,35.47,0.085487477,0.000407109
Washington Virginia Vale,12137,1253,8254,1604,0,844,0,108,74,10.32,68.01,13.22,0,6.95,0,0.89,0.61,5825,6312,519,359,367,299,878,774,2671,2296,1238,1561,1123,740,856,1544,2115,12.72,17.43,11830,2166,119,37,292,341,341,674,362,9664,6212,1056,3119,1200,653,184,9670,578,2235,2258,4599,7118,6779,339,2794,3985,6779,2522,1816,706,133,573,4257,3555,702,970,522,583,427,493,304,392,260,366,553,430,647,332,96,146,258,30901,53464,70035,25,187,330,858,2577,1635,1282,93,131,9517,2620,17.4,16.1,0.131459266,0.000497447
Barnum,5687,4462,924,172,0,56,0,41,32,78.46,16.25,3.02,0,0.98,0,0.72,0.56,3016,2671,402,444,489,350,846,1124,958,751,908,444,402,124,130,1685,346,29.63,6.08,5528,1576,123,72,347,403,452,179,0,3952,2613,583,996,685,268,81,3299,1542,957,627,173,1933,1747,186,1008,739,1747,1252,867,385,180,205,495,358,137,155,217,153,103,156,124,124,72,99,143,185,118,44,0,9,45,13836,43325,44850,0,89,30,75,92,219,479,252,697,3636,2051,29.93,32.43,0.058025223,0.000209892
Barnum West,4786,3558,1093,14,78,0,0,43,0,74.34,22.84,0.29,1.63,0,0,0.9,0,2413,2373,299,388,408,271,687,762,761,574,711,528,337,260,166,1366,582,28.54,12.16,4547,1173,35,151,217,353,246,158,13,3374,1988,448,908,399,78,155,3014,1218,907,624,265,1788,1685,103,1276,409,1685,1010,586,424,151,273,675,553,122,73,143,85,239,107,49,108,164,137,100,209,96,94,59,22,0,17956,48260,51779,0,0,51,26,109,116,1111,211,164,3885,901,16.02,15.54,0.056555502,0.000196926
Villa Park,8811,7258,1423,55,67,8,0,0,0,82.37,16.15,0.62,0.76,0.09,0,0,0,4791,4020,885,860,689,445,1745,1338,1471,1478,1031,807,508,222,211,2879,630,32.68,7.15,8381,2135,194,129,555,491,558,192,16,6246,3620,569,1415,768,309,559,4926,2151,1446,891,438,3214,2877,337,1148,1729,2877,1814,856,958,196,762,1063,753,310,533,253,301,197,103,130,221,254,55,215,300,205,73,9,11,17,13237,38258,41607,134,119,20,268,512,376,724,460,601,6409,2402,32.5,29.49,0.085770318,0.000269067
West Colfax,9471,6542,2540,232,69,37,0,25,26,69.07,26.82,2.45,0.73,0.39,0,0.26,0.27,4201,5270,1127,636,638,315,1763,1182,2005,1360,1128,807,473,543,210,2716,935,28.68,9.87,8673,1952,111,136,475,479,451,284,16,6721,4221,750,1884,850,502,235,5776,1562,1976,1172,1066,4094,3777,317,1081,2696,3777,2045,1210,835,122,713,1732,1368,364,576,349,262,461,145,334,256,181,107,376,191,237,211,19,38,34,16912,40697,46862,40,91,60,29,666,990,912,555,751,7247,2224,25.45,19.95,0.080797365,0.000273172
West Highland,8078,1177,6499,34,60,96,59,0,153,14.57,80.45,0.42,0.74,1.19,0.73,0,1.89,3900,4178,454,304,265,159,758,470,1105,1953,1273,1146,503,474,396,1182,1068,14.63,13.22,7696,1257,60,46,262,213,202,189,285,6439,4847,877,2368,1080,290,232,6591,381,1153,1138,3919,4401,4078,323,2677,1401,4078,1881,1655,226,87,139,2197,1682,515,196,107,147,187,159,322,198,122,130,300,329,644,466,290,263,218,42797,83285,112480,87,461,87,74,77,119,491,460,2545,7737,341,6.65,2.71,0.077700915,0.000305628
Sloan Lake,6772,2050,4275,143,0,128,0,0,176,30.27,63.13,2.11,0,1.89,0,0,2.6,2903,3869,448,271,89,116,719,329,1421,1309,892,599,622,479,402,924,1134,13.64,16.75,6530,1085,98,67,171,89,151,282,227,5445,3612,1114,1462,640,238,158,5291,688,1020,1186,2397,3741,3449,292,2037,1412,3449,1490,1022,468,178,290,1959,1514,445,325,371,273,129,119,97,181,189,12,306,428,320,279,183,134,103,33478,63126,78634,97,84,152,135,320,205,731,676,1341,6244,528,13.25,11.54,0.085226958,0.000380878
Berkeley,7612,2079,5321,67,43,69,0,11,22,27.31,69.9,0.88,0.56,0.91,0,0.14,0.29,3865,3747,537,152,274,164,689,609,1134,1560,1295,1129,589,347,260,1127,874,14.81,11.48,7263,1433,166,11,80,218,258,392,308,5830,4032,788,1752,1010,215,267,5866,546,1249,1531,2540,4181,3727,454,2531,1196,3727,1716,1280,436,136,300,2011,1564,447,252,202,140,256,310,205,223,78,193,312,305,441,260,272,215,63,32210,64435,84267,42,80,64,99,102,173,538,431,2652,7178,434,8.38,4.14,0.086158302,0.00040789
Regis,4073,1610,2029,53,17,274,0,18,72,39.53,49.82,1.3,0.42,6.73,0,0.44,1.77,2062,2011,183,243,190,130,426,801,488,603,541,577,297,182,158,746,419,18.32,10.29,3956,1213,41,18,198,167,168,581,40,2743,1859,595,684,375,127,78,2516,357,792,709,658,1637,1500,137,1037,463,1500,896,586,310,87,223,604,492,112,145,53,77,119,75,13,153,128,23,101,298,115,122,34,11,33,20939,54792,65229,0,10,67,112,81,163,432,108,664,3632,441,26.28,16.74,0.096893369,0.000277221
Hampden,16887,1835,12409,1331,118,636,95,11,452,10.87,73.48,7.88,0.7,3.77,0.56,0.07,2.68,8588,8299,774,791,564,341,1565,1297,2378,3103,2023,2435,1858,1311,917,2470,3076,14.63,18.22,16400,2974,103,208,622,420,470,947,204,13426,9283,1692,4616,1590,1119,266,13163,734,2603,3604,6222,9919,8994,925,4606,4388,8994,3696,3005,691,206,485,5298,4404,894,643,651,766,588,539,528,496,607,404,572,686,904,519,382,417,292,33905,62878,85074,11,112,246,1862,4793,2604,186,26,79,14325,2562,13.62,11.44,0.200466186,0.000767694
Baker,5106,2601,2311,56,0,20,12,9,97,50.94,45.26,1.1,0,0.39,0.24,0.18,1.9,2695,2411,487,241,78,142,728,356,1357,1154,479,544,272,132,84,948,302,18.57,5.91,4777,1182,65,37,198,84,82,526,190,3595,2610,637,1187,586,154,46,3574,893,375,698,1608,2612,2206,406,1105,1101,2206,856,467,389,83,306,1350,959,391,209,125,136,110,111,50,87,105,237,205,237,185,166,179,30,34,26779,59881,62212,29,44,0,162,105,209,180,88,1795,4308,798,30.89,23.71,0.101766999,0.000405791
Auraria,128,75,45,8,0,0,0,0,0,58.59,35.16,6.25,0,0,0,0,0,17,111,0,0,0,0,0,0,0,85,19,16,0,8,0,0,8,0,6.25,128,26,0,0,0,0,0,13,13,102,44,0,44,0,0,0,128,0,0,54,74,35,35,0,17,18,35,17,17,0,0,0,18,8,10,0,0,0,0,0,0,0,0,0,8,0,9,8,10,0,0,29770,100857,,0,0,8,8,0,0,0,0,19,32,96,19.53,0,0.05566191,0.00017568
Cory - Merrill,3971,200,3602,43,0,54,0,16,56,5.04,90.71,1.08,0,1.36,0,0.4,1.41,2084,1887,366,274,96,0,640,151,664,595,773,448,296,255,149,736,483,18.53,12.16,3719,1056,116,117,142,96,14,206,365,2663,1825,504,987,243,25,66,3012,129,229,423,2231,1787,1636,151,1285,351,1636,939,720,219,48,171,697,539,158,56,52,75,22,31,41,11,32,49,180,162,270,60,173,78,344,53477,126414,152662,139,126,16,212,59,57,399,597,182,3713,258,9.08,5.22,0.063099355,0.000228187
Belcaro,4189,158,3798,0,19,139,0,0,75,3.77,90.67,0,0.45,3.32,0,0,1.79,2018,2171,214,390,132,33,604,188,255,403,609,729,554,457,390,769,1091,18.36,26.04,4035,823,96,61,296,113,56,104,97,3212,1637,478,728,330,58,43,3341,30,236,401,2674,2234,1947,287,1750,197,1947,1118,962,156,62,94,829,723,106,61,0,14,37,22,30,46,31,23,51,153,209,185,180,264,641,85531,182902,220103,111,229,247,141,79,371,409,406,241,3801,388,2.08,0,0.0774813,0.000316915
Washington Park,6693,281,6278,15,0,98,0,7,14,4.2,93.8,0.22,0,1.46,0,0.1,0.21,3411,3282,505,406,171,155,911,421,1001,1016,959,1091,730,335,229,1237,795,18.48,11.88,6416,1256,176,149,254,132,207,149,189,5160,3277,1205,1450,498,92,32,4804,50,312,736,3706,3439,3177,262,2525,652,3177,1703,1432,271,138,133,1474,1243,231,74,41,37,163,102,117,108,75,71,191,318,403,303,207,313,654,73641,153241,186163,115,152,101,12,436,108,271,180,2064,6567,126,1.94,0.35,0.090444877,0.000410874
Washington Park West,6440,511,5597,67,0,119,0,0,146,7.93,86.91,1.04,0,1.85,0,0,2.27,3360,3080,491,183,92,45,674,159,1208,1715,911,1003,424,207,139,811,403,12.59,6.26,6135,827,115,73,88,92,45,254,160,5308,3675,892,1827,662,143,151,5255,417,694,1093,3051,3508,3295,213,1940,1355,3295,1457,1150,307,145,162,1838,1446,392,211,210,81,124,101,121,91,147,107,236,259,481,324,309,155,338,47042,90326,127093,111,67,17,79,126,158,140,103,2707,6126,314,11.97,3.5,0.066411927,0.000237358
Speer,10579,1369,8583,158,33,164,0,23,249,12.94,81.13,1.49,0.31,1.55,0,0.22,2.35,5191,5388,366,235,122,32,601,171,3634,2388,1287,1053,794,245,406,755,888,7.14,8.39,10360,2100,124,84,182,47,38,821,804,8260,7145,2014,3421,1088,257,365,9134,504,1064,1966,5600,7705,6845,860,2129,4716,6845,1418,1077,341,128,213,5427,4320,1107,588,307,465,446,461,385,325,355,418,493,653,767,463,252,276,191,41264,62655,91460,96,66,297,717,1165,1357,941,291,2775,9638,941,10.68,5.78,0.061300992,0.00023234
Cherry Creek,4744,157,4269,77,0,120,0,0,121,3.31,89.99,1.62,0,2.53,0,0,2.55,2215,2529,97,44,73,84,141,240,671,402,590,1184,770,288,458,298,1066,6.28,22.47,4668,462,21,13,31,45,112,147,93,4206,2193,940,862,313,31,47,4155,62,262,627,3204,3824,3102,722,1501,1601,3102,1043,830,213,46,167,2059,1865,194,417,178,108,203,88,138,44,91,71,154,211,225,226,110,154,684,86000,130417,216244,305,633,873,584,675,98,242,171,243,3925,819,15.39,10.55,0.063922973,0.00022766
Cheesman Park,7730,968,6020,256,68,247,0,0,171,12.52,77.88,3.31,0.88,3.2,0,0,2.21,4364,3366,289,113,65,128,402,317,1559,1886,1033,1052,932,346,203,595,990,7.7,12.81,7537,1174,96,0,113,65,111,482,307,6363,4750,1544,1918,824,255,209,6401,274,760,1622,3745,5939,5182,757,1610,3572,5182,1011,771,240,131,109,4171,3447,724,601,337,147,420,194,458,152,311,400,410,372,404,282,132,180,382,49694,73527,112655,45,57,44,309,1195,1434,476,232,2147,7394,336,13.07,7.42,0.04788882,0.00014332
Hilltop,8244,338,7374,173,10,267,24,0,58,4.1,89.45,2.1,0.12,3.24,0.29,0,0.7,3824,4420,657,673,687,144,1330,918,455,926,1375,1200,1073,499,468,2161,1372,26.21,16.64,7748,2133,218,133,588,517,252,282,143,5615,3341,995,1692,465,63,126,5867,82,460,642,4683,3790,3604,186,2709,895,3604,2322,1939,383,102,281,1282,1153,129,124,79,24,38,36,138,248,142,117,200,218,509,370,304,279,778,67947,154065,199214,132,437,180,106,276,424,1242,393,600,7395,849,3.99,1.85,0.112243842,0.000468839
Montclair,5340,477,4218,383,0,91,0,0,171,8.93,78.99,7.17,0,1.7,0,0,3.2,2489,2851,369,260,171,138,629,441,573,1173,1024,679,426,186,209,938,492,17.57,9.21,5104,1261,125,18,241,154,156,435,132,3843,3208,650,1810,501,125,122,4080,31,517,1186,2346,2783,2696,87,2054,642,2696,1251,978,273,38,235,1445,1033,412,115,48,75,150,122,98,102,72,58,273,209,429,366,168,218,193,47669,93621,124760,109,29,58,84,104,93,682,1176,448,4900,440,7.28,0.96,0.067762791,0.000275503
Hale,6684,351,4969,500,15,516,0,0,333,5.25,74.34,7.48,0.22,7.72,0,0,4.98,3438,3246,455,205,167,135,660,308,1398,1652,727,966,665,142,166,962,516,14.39,7.72,6394,1680,159,31,119,131,158,580,502,4714,3925,1024,1724,812,202,163,5058,113,656,1069,3220,4362,3825,537,1762,2063,3825,1336,907,429,106,323,2489,2071,418,473,233,171,330,181,210,212,142,123,185,317,313,299,152,243,241,44441,76758,125759,56,79,72,87,277,665,1146,840,1140,6117,567,14.6,3.82,0.065764542,0.000264802
North Park Hill,9332,1285,3753,3735,13,172,0,49,325,13.77,40.22,40.02,0.14,1.84,0,0.53,3.48,4203,5129,714,438,557,507,1152,1149,1053,1682,1293,1032,931,565,475,2216,1447,23.75,15.51,8844,2341,148,77,266,447,616,576,211,6503,4103,824,1939,860,338,142,6565,588,1394,1594,2989,4125,3906,219,3207,699,3906,2452,1505,947,345,602,1454,1269,185,354,169,229,78,116,248,237,220,139,235,407,472,286,166,196,354,36495,85905,105353,39,63,9,25,102,313,899,1282,1393,8626,706,13.42,7.75,0.096233079,0.000406787
South Park Hill,8253,788,6071,790,15,226,0,24,339,9.55,73.56,9.57,0.18,2.74,0,0.29,4.11,4150,4103,886,596,315,275,1482,745,717,1292,1077,1496,889,336,219,2072,831,25.11,10.07,7837,2034,376,80,395,255,405,399,124,5803,3618,927,1758,628,134,171,5681,264,472,851,4094,3613,3389,224,2711,678,3389,2156,1824,332,69,263,1233,895,338,250,99,82,91,78,96,45,126,117,155,359,341,263,242,439,606,60789,146057,180240,71,73,21,45,25,18,499,532,2329,7785,468,7.74,6.96,0.096184604,0.000405664
University Park,7667,324,6260,72,105,637,0,51,218,4.23,81.65,0.94,1.37,8.31,0,0.67,2.84,3630,4037,274,463,292,168,737,605,2679,806,845,844,440,248,463,1197,856,15.61,11.16,7497,3427,160,48,390,219,285,1606,719,4070,3525,988,1621,668,160,88,4522,128,543,986,2865,3657,3361,296,1500,1861,3361,1335,1149,186,86,100,2026,1423,603,481,126,136,287,172,190,148,167,51,172,169,302,175,201,192,392,49147,109466,194979,260,214,222,303,306,670,864,386,432,7023,644,21.54,4.12,0.070389182,0.000316093
Platt Park,5136,350,4534,0,106,111,0,0,35,6.81,88.28,0,2.06,2.16,0,0,0.68,2545,2591,220,220,138,30,440,218,1109,1433,783,565,407,113,68,608,312,11.84,6.07,4977,983,41,34,208,116,30,333,221,3994,3244,664,1761,614,29,176,4208,161,442,952,2653,2813,2610,203,1644,966,2610,1044,885,159,0,159,1566,997,569,143,62,109,45,172,154,74,89,136,216,274,224,263,223,214,212,48018,92550,110109,193,86,0,59,86,156,266,171,1796,4921,215,7.87,5.84,0.059968883,0.000222545
College View / South Platte,6086,4028,1459,150,0,285,0,97,67,66.18,23.97,2.46,0,4.68,0,1.59,1.1,3165,2921,558,476,443,281,1034,969,1079,923,814,659,401,134,73,1758,341,28.89,5.6,5710,1419,20,124,314,386,336,185,54,4291,2598,357,1143,618,127,353,3494,1452,947,805,290,2303,2002,301,978,1024,2002,1362,834,528,154,374,640,463,177,286,344,237,60,107,115,28,102,106,135,146,246,57,16,0,17,13762,39654,42617,0,90,196,235,793,414,258,176,141,4080,2006,33.85,29.22,0.142853097,0.000395952
Overland,1919,702,1156,16,0,16,0,0,29,36.58,60.24,0.83,0,0.83,0,0,1.51,1189,730,130,143,84,82,273,187,272,399,218,322,166,49,33,439,166,22.88,8.65,1847,324,29,61,67,43,63,21,40,1523,832,374,310,100,28,20,1401,243,490,393,275,1076,930,146,384,546,930,420,269,151,60,91,510,467,43,103,24,44,38,98,24,149,47,58,170,50,71,25,0,0,29,23786,48235,62594,84,0,0,0,55,23,332,155,427,1711,208,24.34,20.71,0.082277881,0.000305342
Ruby Hill,9121,6189,2098,174,56,397,0,11,196,67.85,23,1.91,0.61,4.35,0,0.12,2.15,4600,4521,915,767,760,366,1682,1393,1129,1537,957,790,685,635,313,2808,1189,30.79,13.04,8481,2318,125,209,580,665,557,137,45,6163,3511,764,1338,901,309,199,5469,2170,1802,1135,362,3568,3308,260,1737,1571,3308,2004,1144,860,319,541,1304,1163,141,619,313,233,244,135,223,239,249,89,205,329,292,78,51,0,9,15167,40707,44666,0,47,34,239,262,610,2095,177,104,6463,2658,26.24,15.62,0.08924258,0.000394849
Kennedy,4089,1412,1439,660,103,430,0,0,45,34.53,35.19,16.14,2.52,10.52,0,0,1.1,2334,1755,544,308,78,36,852,133,1454,905,268,287,161,14,15,966,92,23.62,2.25,3761,644,52,70,152,52,36,282,0,3117,2034,340,986,252,400,56,2534,472,668,768,626,2461,2129,332,0,2129,2129,852,497,355,30,325,1277,1014,263,283,286,154,291,232,141,206,109,109,75,129,81,10,0,23,0,16340,31208,34788,39,102,115,395,1336,398,64,12,0,2625,1464,28.12,26.06,0.076979342,0.000190861
Country Club,3009,131,2340,59,0,86,0,0,393,4.35,77.77,1.96,0,2.86,0,0,13.06,1501,1508,151,241,238,149,392,427,211,443,479,542,300,131,84,779,346,25.89,11.5,2903,847,45,10,261,208,149,164,10,2056,1387,440,587,299,37,24,2044,0,163,209,1672,1371,1218,153,1025,193,1218,750,645,105,56,49,468,313,155,10,8,25,54,0,22,10,42,6,32,100,158,145,115,201,290,73668,179115,209410,12,10,20,28,24,74,63,41,1099,2847,162,1.53,0,0.052865128,0.000176683
Congress Park,10434,691,8417,583,73,287,39,38,306,6.62,80.67,5.59,0.7,2.75,0.37,0.36,2.93,5369,5065,553,463,397,234,1016,723,2509,2175,1413,1511,560,361,166,1647,644,15.78,6.17,10131,2533,194,124,347,346,272,656,594,7598,6366,1966,2513,1299,276,312,7774,253,663,1870,4988,6154,5595,559,2575,3020,5595,1909,1430,479,76,403,3686,2888,798,629,385,264,187,351,146,169,337,245,383,567,551,444,205,324,408,42610,78086,133275,148,217,132,33,588,772,506,203,3555,9772,662,12.8,6.91,0.067619429,0.000280072
City Park,2373,335,1605,308,6,102,0,10,7,14.12,67.64,12.98,0.25,4.3,0,0.42,0.29,1163,1210,125,25,43,15,150,95,520,594,344,274,197,52,147,208,317,8.77,13.36,2279,336,20,7,18,50,8,161,72,1943,1458,320,666,331,112,29,1968,140,196,398,1234,1485,1290,195,570,720,1290,491,435,56,0,56,799,681,118,78,90,27,30,70,63,123,40,62,44,200,131,70,35,151,76,45284,80824,116914,159,110,41,28,49,160,75,94,769,2228,145,13.62,9.57,0.059940848,0.000209148
Clayton,4478,2070,717,1495,9,33,0,11,143,46.23,16.01,33.39,0.2,0.74,0,0.25,3.19,2101,2377,345,348,377,250,693,765,771,584,627,347,328,206,157,1320,518,29.48,11.57,4319,1447,58,65,308,296,318,329,73,2872,1814,493,924,270,80,47,2683,1038,597,445,603,1685,1524,161,1055,469,1524,847,472,375,56,319,677,450,227,174,121,192,79,52,81,164,50,47,67,242,81,89,28,25,32,17619,48887,54283,10,25,47,12,127,109,305,335,715,3679,799,27.9,25.27,0.05987783,0.000209829
Skyland,3408,700,752,1573,138,0,0,34,211,20.54,22.07,46.16,4.05,0,0,1,6.19,1549,1859,176,180,194,81,356,437,534,638,428,405,232,273,105,631,494,18.52,14.5,3286,659,0,62,178,111,191,85,32,2627,1711,656,440,391,87,137,2384,329,634,592,829,1559,1385,174,915,470,1385,792,416,376,72,304,593,373,220,120,135,105,73,148,38,62,12,74,85,42,235,131,69,45,11,24422,57587,61901,6,0,33,94,49,90,484,368,435,3274,134,19.7,16.79,0.060572462,0.000207803
Cole,4758,3147,837,691,11,56,0,0,16,66.14,17.59,14.52,0.23,1.18,0,0,0.34,2297,2461,387,492,417,313,879,978,600,776,777,366,208,80,94,1609,236,33.82,4.96,4450,1541,64,33,331,420,483,139,71,2909,1829,357,814,409,99,150,2644,1025,649,461,509,1803,1619,184,806,813,1619,1024,577,447,252,195,595,477,118,319,96,203,89,85,91,76,46,119,122,181,93,48,51,0,0,13604,38917,42449,16,64,171,90,97,37,157,75,1096,3308,1450,35.97,28.52,0.046895006,0.000139418
Marston,11065,2476,7878,41,164,445,0,0,61,22.38,71.2,0.37,1.48,4.02,0,0,0.55,5112,5953,729,492,413,337,1221,1114,2177,1837,1480,1556,1090,331,259,1971,1118,17.81,10.1,10731,2332,185,94,318,365,585,494,291,8399,6162,1476,1943,1566,778,399,7844,210,1760,2633,3241,5571,5304,267,3657,1647,5304,2737,2231,506,103,403,2567,2031,536,200,196,102,265,268,448,247,171,338,503,664,845,326,150,426,155,34605,71269,90983,117,846,1539,1928,1005,123,0,0,13,10262,803,10.11,6.87,0.253258832,0.000861271
Fort Logan,9209,2404,5803,146,34,673,0,15,134,26.1,63.01,1.59,0.37,7.31,0,0.16,1.46,4537,4672,644,408,592,460,1052,1268,1350,1023,1239,1204,845,728,500,2104,1557,22.85,16.91,8838,1970,116,94,313,504,473,459,11,6868,3883,765,1488,1052,375,203,6380,672,1573,2310,1825,3508,3333,175,2558,775,3333,2239,1780,459,113,346,1094,897,197,154,91,252,124,175,120,174,72,261,263,211,518,345,177,202,194,29154,77406,90505,6,177,517,298,1358,816,323,0,13,8250,959,13.33,7.77,0.168710674,0.000721309
Bear Valley,9552,4161,4536,19,29,745,0,11,51,43.56,47.49,0.2,0.3,7.8,0,0.12,0.53,5205,4347,815,490,516,265,1305,1216,2059,1153,917,1313,837,378,374,2086,1189,21.84,12.45,9009,2104,91,114,370,346,624,493,66,6905,4698,871,1601,1425,434,367,5893,1087,1842,1500,1464,3944,3610,334,2030,1580,3610,2333,1868,465,148,317,1277,953,324,56,178,313,188,210,198,322,364,122,309,475,402,270,65,103,35,22515,58418,65971,7,506,77,522,1397,1208,101,27,99,7161,2391,17.97,13.07,0.11121199,0.000367572
Harvey Park South,9555,4856,4043,63,82,371,0,0,140,50.82,42.31,0.66,0.86,3.88,0,0,1.47,4581,4974,868,875,432,282,1743,942,1439,1482,1151,1175,766,471,386,2457,1203,25.71,12.59,9101,2558,167,291,604,346,426,604,120,6543,4399,576,2002,1375,184,262,5963,1124,1835,1544,1460,3431,3221,210,1873,1348,3221,2273,1596,677,192,485,948,837,111,212,209,131,178,224,191,114,301,57,277,374,419,228,248,35,23,20773,58702,64807,15,197,210,305,511,328,1818,34,13,7868,1687,16.96,14.03,0.086558748,0.000371858
Southmoor Park,3489,396,2744,144,0,136,6,28,35,11.35,78.65,4.13,0,3.9,0.17,0.8,1,1725,1764,214,130,128,36,344,175,976,527,249,415,255,213,335,508,614,14.56,17.6,3356,481,103,15,96,96,46,39,86,2875,1915,581,783,281,201,69,2716,56,317,811,1532,2121,1779,342,794,985,1779,763,635,128,12,116,1016,787,229,85,21,31,145,110,167,198,44,56,121,213,173,222,41,70,82,37830,72036,96853,83,349,686,156,116,460,254,7,10,3259,230,4.21,0,0.107785475,0.000253271
Hampden South,13857,921,10285,1606,0,738,0,0,307,6.65,74.22,11.59,0,5.33,0,0,2.22,6491,7366,995,457,539,320,1452,1099,2293,2053,1615,2105,1504,1084,652,2311,2355,16.68,17,13257,2823,266,145,399,365,482,965,201,10434,7457,1940,3518,1021,556,422,10212,705,1255,2587,5665,7791,7196,595,4236,2960,7196,3658,2832,826,306,520,3538,3155,383,474,302,182,382,347,329,386,537,325,569,801,868,426,393,475,400,41133,78224,99532,95,420,1080,1358,3204,1411,147,16,60,11679,2178,8.49,6.92,0.120253654,0.000791262
Indian Creek,3168,325,2370,294,0,87,0,0,92,10.26,74.81,9.28,0,2.75,0,0,2.9,1380,1788,80,141,149,56,221,304,324,619,536,560,383,153,68,426,345,13.45,10.89,3116,644,12,5,126,184,134,94,89,2472,1755,145,976,363,190,81,2548,109,452,647,1340,1931,1739,192,1364,375,1739,710,503,207,29,178,1029,887,142,165,0,83,98,40,107,113,113,57,191,194,251,138,107,54,28,35593,63803,68004,0,12,228,1226,355,56,5,11,38,2634,534,18.97,18.03,0.068986942,0.000132557
Union Station,3749,172,3102,47,0,369,0,0,59,4.59,82.74,1.25,0,9.84,0,0,1.57,1962,1787,35,10,0,0,45,0,947,777,461,605,507,297,110,45,600,1.2,16,3714,325,10,0,0,0,9,144,162,3389,2074,637,1025,290,27,95,3374,168,341,528,2337,3400,2639,761,1217,1422,2639,725,674,51,9,42,1914,1670,244,347,120,117,73,55,79,30,104,14,142,253,365,225,123,264,328,76105,106972,201385,558,989,195,510,485,45,49,20,549,3394,355,12.3,3.17,0.045504799,0.000119416
Five Points,10727,2347,5787,2102,88,115,0,28,260,21.88,53.95,19.6,0.82,1.07,0,0.26,2.42,5641,5086,702,519,300,170,1221,635,2916,2776,1345,938,607,204,85,1691,536,15.76,5,10317,2679,150,80,428,246,305,1162,308,7638,5828,1782,2352,1104,381,209,7506,1058,919,1977,3552,6230,5394,836,1691,3703,5394,1639,1069,570,196,374,3755,2826,929,596,470,256,318,259,400,99,263,183,335,602,596,305,323,286,103,31538,60334,63189,940,1746,376,176,176,189,272,233,2122,9635,1092,28.01,25.63,0.103128605,0.000480818
Stapleton,11467,1475,7593,1462,80,544,0,62,251,12.86,66.22,12.75,0.7,4.74,0,0.54,2.19,6377,5090,1403,898,238,91,2301,597,1800,3574,1928,730,350,96,91,2630,296,22.94,2.58,10575,2408,536,299,560,207,157,367,282,8167,4262,692,2268,1005,143,154,7982,1043,1093,1441,4405,3451,3282,169,2603,679,3282,2217,1878,339,117,222,1065,726,339,60,74,51,61,42,83,70,81,107,198,222,375,371,491,523,473,40520,126627,142719,1824,1596,0,25,0,6,0,0,0,10361,1106,5.63,3.52,0.301708698,0.002445935
Montbello,29347,16164,1896,10109,42,548,0,92,496,55.08,6.46,34.45,0.14,1.87,0,0.31,1.69,14484,14863,2413,3501,3019,1739,5914,5913,3606,4330,4433,2508,1608,848,187,10672,1762,36.36,6,27923,10277,500,618,2766,2492,2496,1247,158,17646,11819,1607,4727,3113,1472,900,15830,5316,4195,4440,1879,9187,8422,765,5413,3009,8422,6582,4310,2272,652,1620,1840,1534,306,802,441,351,663,539,712,492,598,338,897,852,957,326,282,134,38,15051,50239,50850,106,528,1243,1450,3637,1981,142,55,45,19568,9779,23.02,20.94,0.160794469,0.001378446
Lowry Field,7370,715,4845,1116,36,400,0,27,231,9.7,65.74,15.14,0.49,5.43,0,0.37,3.13,3530,3840,625,855,378,147,1480,689,1230,1377,1115,738,270,251,220,2005,519,27.2,7.04,7002,2461,283,216,610,284,223,522,323,4541,3763,642,1745,1067,160,149,4757,233,425,912,3187,3726,3416,310,1493,1923,3416,1628,1250,378,93,285,1788,1424,364,356,186,157,158,83,145,140,111,157,259,359,234,144,230,281,416,44506,94777,135696,537,1613,788,133,110,47,131,106,261,6440,930,14.86,15.23,0.134351254,0.000701651
Chaffee Park,4324,2760,1418,41,41,23,0,33,8,63.83,32.79,0.95,0.95,0.53,0,0.76,0.19,2148,2176,526,281,169,157,807,410,885,553,481,464,385,236,103,1133,498,26.2,11.52,4037,1188,188,18,206,121,216,353,86,2849,1861,356,978,331,123,73,2796,623,807,632,734,1552,1497,55,1158,339,1497,1004,753,251,64,187,493,357,136,122,42,122,75,115,150,119,44,34,181,104,174,172,30,0,13,20946,58428,52895,16,23,61,145,111,111,312,653,120,3552,772,23.77,20.02,0.076912479,0.000214088
Sunnyside,10362,6496,3292,365,75,33,11,40,50,62.69,31.77,3.52,0.72,0.32,0.11,0.39,0.48,5085,5277,663,798,609,491,1461,1302,1234,2261,1314,1269,792,389,340,2561,1000,24.72,9.65,9970,2626,175,202,593,472,657,419,108,7344,4183,1256,2070,476,287,94,7164,1799,2083,1297,1985,4262,4120,142,2306,1814,4120,2225,1418,807,114,693,1895,1351,544,498,401,365,185,201,354,274,115,208,188,449,431,210,66,127,48,20014,48936,53750,11,77,21,173,197,296,700,671,2116,8576,1786,25.57,20.67,0.082679412,0.000387683
Highland,7966,3484,4317,45,20,21,0,13,66,43.74,54.19,0.56,0.25,0.26,0,0.16,0.83,4330,3636,680,216,195,183,896,607,1516,2047,1001,959,484,209,247,1274,668,15.99,8.39,7395,1375,76,50,195,164,266,461,163,6020,4375,1203,1622,1168,238,144,6003,942,1290,1107,2664,4323,3865,458,1911,1954,3865,1464,925,539,133,406,2401,1874,527,340,326,228,238,156,215,241,118,179,283,379,309,327,125,289,112,32402,64408,71724,299,380,223,135,203,184,424,261,2214,7134,832,18.83,14.96,0.076194138,0.000313849
Globeville,3614,2857,548,148,15,0,0,16,30,79.05,15.16,4.1,0.42,0,0,0.44,0.83,2158,1456,433,190,273,85,623,523,627,610,463,376,292,80,20,981,266,27.14,7.36,3320,648,21,76,140,224,55,132,0,2672,1303,451,392,405,19,36,2149,973,624,374,178,1165,1017,148,395,622,1017,697,472,225,73,152,320,294,26,79,88,228,148,49,37,15,11,72,80,39,59,43,29,40,0,13350,42001,47648,47,93,26,24,45,110,253,261,306,2639,975,35.56,26.4,0.128924014,0.000560892
Jefferson Park,2460,1672,606,52,10,16,0,0,104,67.97,24.63,2.11,0.41,0.65,0,0,4.23,1186,1274,306,176,127,123,482,266,454,569,266,255,129,10,29,732,97,29.76,3.94,2275,607,42,14,162,91,190,90,18,1668,1059,340,384,47,108,180,1538,381,446,293,418,1236,1023,213,267,756,1023,535,239,296,88,208,488,338,150,170,154,0,166,89,26,20,97,40,40,56,53,41,60,11,0,17149,40548,33545,71,48,62,0,123,133,176,44,579,1923,537,43.86,48.41,0.055589574,0.000133906
Sun Valley,1569,612,339,386,0,129,0,73,30,39.01,21.61,24.6,0,8.22,0,4.65,1.91,586,983,348,94,245,96,442,443,156,269,121,53,55,10,20,783,64,49.9,4.08,1359,480,0,31,157,112,170,10,0,879,139,55,0,25,19,40,639,233,323,46,37,506,430,76,13,417,430,348,44,304,51,253,82,82,0,269,50,17,31,12,25,13,13,0,0,0,0,0,0,0,0,4210,12164,11471,14,57,7,43,13,74,192,45,61,1361,208,80.31,78.16,0.062003975,0.000174791
Valverde,4064,3201,517,191,15,140,0,0,0,78.76,12.72,4.7,0.37,3.44,0,0,0,1678,2386,476,429,388,163,905,667,586,456,604,375,245,167,59,1456,300,35.83,7.38,3790,1184,151,41,316,362,240,74,0,2606,1474,401,484,452,35,102,2179,914,813,336,116,1258,1221,37,556,665,1221,831,456,375,61,314,390,352,38,164,148,220,116,56,70,44,48,16,51,95,66,73,42,12,0,12235,38300,44172,0,0,0,82,55,142,474,353,152,3151,913,34.77,32.61,0.071040239,0.000261201
Athmar Park,8701,6465,1766,7,210,170,0,0,83,74.3,20.3,0.08,2.41,1.95,0,0,0.95,4698,4003,860,613,700,477,1473,1356,1532,1457,1070,774,453,326,260,2650,760,30.46,8.73,8168,2441,147,146,398,528,682,465,75,5727,3955,1015,1204,1227,197,312,5133,1829,1586,1045,673,3042,2824,218,1839,985,2824,1921,1192,729,246,483,903,745,158,112,208,312,219,258,112,140,152,225,252,387,279,94,34,20,20,18221,54287,60417,42,78,57,9,185,387,1324,617,343,6184,2517,26.27,21.34,0.089155528,0.000420413
Windsor,12336,1786,7666,2066,89,533,0,112,84,14.48,62.14,16.75,0.72,4.32,0,0.91,0.68,5458,6878,699,383,222,171,1082,509,2439,1454,1167,1433,1330,1373,1549,1475,3592,11.96,29.12,11755,1213,59,20,204,186,183,324,237,10542,5366,627,2701,1040,944,54,9918,1127,3180,2399,3212,8274,7190,1084,3421,3769,7190,2429,1808,621,226,395,4761,3989,772,1084,659,563,541,616,420,385,543,207,490,615,439,225,114,128,161,27276,45953,49695,110,440,1041,1206,2871,2094,374,99,39,10113,2223,22.87,21.45,0.123097953,0.000464961
Northeast Park Hill,7977,2188,886,4450,0,158,0,0,295,27.43,11.11,55.79,0,1.98,0,0,3.7,3898,4079,810,735,548,415,1545,1131,1009,1066,790,1124,600,453,259,2508,898,31.44,11.26,7471,2179,199,148,534,501,517,201,79,5292,2618,447,1130,599,151,291,4927,1301,1563,1469,594,3068,2531,537,1291,1240,2531,1618,807,811,185,626,913,797,116,463,226,186,230,142,175,104,71,160,139,133,285,154,11,21,31,14962,42505,49333,87,273,0,0,118,324,1820,292,154,6819,1158,33.19,26.39,0.132033777,0.000906815
Elyria Swansea,6448,5078,728,500,41,61,0,23,17,78.75,11.29,7.75,0.64,0.95,0,0.36,0.26,3478,2970,735,597,642,214,1332,1122,1085,1047,564,544,398,236,120,2188,635,33.93,9.85,6048,1800,205,124,386,518,337,220,10,4248,2228,620,794,513,157,144,3536,1872,823,560,281,2023,1810,213,914,896,1810,1287,751,536,117,419,523,347,176,191,294,102,216,155,138,60,41,134,206,11,126,106,8,13,9,11790,39420,40841,103,182,0,47,48,168,334,531,610,4405,2043,38.8,36.83,0.112046607,0.000706506
Wellshire,3078,160,2780,0,47,41,0,13,37,5.2,90.32,0,1.53,1.33,0,0.42,1.2,1413,1665,186,223,198,94,409,352,269,268,394,501,442,168,275,701,642,22.77,20.86,2950,777,47,86,178,150,112,150,54,2173,1218,307,665,184,23,39,2213,22,249,388,1554,1380,1295,85,1153,142,1295,877,793,84,0,84,418,344,74,60,16,28,9,49,82,66,9,56,92,122,176,129,101,127,173,45365,107530,128443,53,0,37,2,175,165,940,0,8,2905,173,3.44,0,0.068792249,0.000252417
University,8462,651,7120,164,0,377,0,12,138,7.69,84.14,1.94,0,4.46,0,0.14,1.63,4312,4150,270,148,125,132,418,1745,3097,1096,759,686,338,117,206,675,407,7.98,4.81,8297,4222,48,12,122,75,181,3088,696,4075,4019,1069,1930,710,197,113,4047,169,628,923,2327,3842,3366,476,1530,1836,3366,1116,836,280,145,135,2250,1323,927,648,153,155,114,166,177,118,149,134,346,279,329,305,112,112,69,24932,59108,93301,150,71,75,117,465,545,838,508,1073,7758,704,26.76,5.02,0.082921892,0.000338831
Rosedale,2615,191,2340,0,15,37,0,9,23,7.3,89.48,0,0.57,1.41,0,0.34,0.88,1306,1309,184,77,91,28,261,148,548,493,423,329,216,65,132,380,284,14.53,10.86,2490,472,38,11,81,48,57,94,143,2018,1454,341,730,286,78,19,2051,130,271,468,1182,1356,1203,153,663,540,1203,567,413,154,118,36,636,487,149,78,32,30,41,90,90,10,88,53,84,87,230,99,66,75,50,35833,76231,103155,39,54,33,130,78,106,232,260,424,2476,139,16.94,5.11,0.049897735,0.000153262
East Colfax,9514,2858,3695,2193,94,570,0,0,104,30.04,38.84,23.05,0.99,5.99,0,0,1.09,4891,4623,1188,540,332,249,1728,721,2468,1822,1012,922,495,239,107,2309,444,24.27,4.67,8668,2441,107,116,417,300,334,953,214,6227,4694,634,2180,965,399,516,5695,1341,1431,1541,1382,4706,4011,695,1397,2614,4011,1903,1101,802,325,477,2108,1418,690,537,286,323,368,328,125,305,234,157,400,389,277,176,10,73,23,18553,42452,43702,0,261,130,311,1326,502,765,903,508,7135,2379,35.42,32.95,0.073874007,0.000290984
Lincoln Park,5532,2041,2541,590,157,135,0,0,68,36.89,45.93,10.67,2.84,2.44,0,0,1.23,2608,2924,431,417,242,106,848,509,1639,692,568,684,264,182,146,1196,418,21.62,7.56,5330,1475,57,103,237,211,104,620,143,3855,2302,665,1023,402,145,67,3450,980,714,665,1091,3001,2708,293,758,1950,2708,1086,482,604,49,555,1622,1108,514,812,243,279,86,119,107,38,140,109,223,142,220,79,64,20,27,19642,38391,39698,10,127,351,752,313,159,185,68,1036,4996,536,43.91,46.69,0.081725382,0.000347249
City Park West,4174,571,2656,813,15,55,0,0,64,13.68,63.63,19.48,0.36,1.32,0,0,1.53,2266,1908,337,117,78,59,454,200,1082,945,425,502,286,151,129,591,408,14.16,9.77,3925,788,70,6,89,68,108,291,156,3137,2207,628,937,452,99,91,3056,253,358,710,1735,2768,2341,427,817,1524,2341,650,410,240,60,180,1691,1321,370,456,223,173,91,196,125,161,61,25,119,110,213,80,152,126,30,30456,53719,71323,152,128,115,139,265,196,220,197,1356,4028,146,27.24,22.15,0.049645949,0.000143399
Whittier,4436,723,1697,1785,89,62,0,0,80,16.3,38.26,40.24,2.01,1.4,0,0,1.8,2175,2261,362,266,245,274,628,673,488,948,545,493,332,171,158,1147,426,25.86,9.6,4179,1296,118,0,271,153,407,242,105,2883,1841,349,823,479,74,116,3046,460,460,897,1229,2212,1940,272,1028,912,1940,1018,522,496,158,338,922,747,175,178,163,55,242,195,69,88,114,80,147,211,152,120,82,0,44,22841,51351,57044,49,12,51,9,159,118,121,119,1574,4088,348,19.98,20.43,0.049779378,0.000153284
Capitol Hill,14532,1685,11529,401,163,377,40,15,322,11.6,79.34,2.76,1.12,2.59,0.28,0.1,2.22,7625,6907,297,142,112,51,439,432,5469,3418,1838,1611,903,306,116,602,803,4.14,5.53,14302,2681,56,0,151,72,176,1723,503,11621,10106,2862,3920,2118,539,667,11306,828,1420,3281,5777,11672,10483,1189,2582,7901,10483,1249,861,388,124,264,9234,7582,1652,1449,1097,785,929,548,730,698,662,490,682,879,600,409,271,116,138,34242,46471,101615,19,288,373,240,1650,2238,1777,898,4189,13717,815,19.36,8.25,0.054472066,0.000184066
North Capitol Hill,4692,379,3594,287,123,239,0,0,70,8.08,76.6,6.12,2.62,5.09,0,0,1.49,2650,2042,10,13,0,0,23,60,2118,1010,422,466,373,179,41,23,361,0.49,7.69,4682,760,0,13,0,0,20,435,292,3922,3249,986,1308,696,192,67,3625,249,658,706,2012,3993,3434,559,474,2960,3434,287,246,41,41,0,3147,2526,621,754,293,187,104,92,203,195,148,224,143,227,388,172,119,80,105,38890,51231,124932,191,1027,467,496,111,168,225,161,1147,4289,403,26.79,0,0.040371236,9.60E-05
Civic Center,1258,47,941,114,26,101,0,0,29,3.74,74.8,9.06,2.07,8.03,0,0,2.31,765,493,14,0,0,0,14,12,326,266,299,206,87,0,48,14,80,1.11,6.36,1244,190,0,0,0,0,0,112,78,1054,809,420,271,63,22,33,1163,52,101,330,680,1126,958,168,381,577,958,187,187,0,0,0,771,683,88,101,39,115,35,11,0,8,55,97,22,102,41,133,88,37,74,77163,100983,163998,329,260,338,47,89,0,6,15,42,1160,98,11.84,0,0.042167554,8.27E-05
CBD,2205,257,1705,154,0,75,0,0,14,11.66,77.32,6.98,0,3.4,0,0,0.63,1352,853,8,0,0,0,8,58,669,474,405,266,196,78,51,8,197,0.36,8.93,2197,281,0,0,0,0,40,170,71,1916,1469,761,260,262,76,110,1832,126,365,430,911,2326,1679,647,362,1317,1679,274,209,65,52,13,1405,1202,203,277,177,88,119,89,48,52,36,68,126,144,106,136,37,117,59,56478,73021,173932,111,46,93,347,236,762,137,35,559,1994,211,20.05,14.6,0.042533974,0.000117326